Date,Price,Market Value,Realized Value
6/6/22,31483.35522,5.69814E+11,
6/5/22,29899.87769,5.68802E+11,4.49841E+11
6/4/22,29847.73307,5.65495E+11,4.49925E+11
6/3/22,29676.16541,5.79849E+11,4.5033E+11
6/2/22,30436.46343,5.67637E+11,4.50794E+11
6/1/22,29788.69391,6.05492E+11,4.51716E+11
5/31/22,31771.38938,6.04045E+11,4.52531E+11
5/30/22,31708.96695,5.6122E+11,4.52087E+11
5/29/22,29452.10953,5.52681E+11,4.5175E+11
5/28/22,29009.30151,5.44927E+11,4.51673E+11
5/27/22,28597.02982,5.55754E+11,4.51648E+11
5/26/22,29167.96454,5.62119E+11,4.52423E+11
5/25/22,29511.77479,5.64292E+11,4.52828E+11
5/24/22,29624.35924,5.53894E+11,4.53025E+11
5/23/22,29080.60191,5.76347E+11,4.53058E+11
5/22/22,30259.63325,5.60027E+11,4.53708E+11
5/21/22,29439.30335,5.554E+11,4.53604E+11
5/20/22,29163.24171,5.76559E+11,4.53687E+11
5/19/22,30281.17599,5.46089E+11,4.54351E+11
5/18/22,28673.35701,5.79002E+11,4.5473E+11
5/17/22,30412.4893,5.68227E+11,4.55451E+11
5/16/22,29832.78072,5.95855E+11,4.55751E+11
5/15/22,31292.53086,5.72134E+11,4.56241E+11
5/14/22,30048.70072,5.56566E+11,4.56097E+11
5/13/22,29245.75731,5.50889E+11,4.5532E+11
5/12/22,28959.38993,5.51701E+11,4.56174E+11
5/11/22,28975.80136,5.90334E+11,4.57259E+11
5/10/22,31012.79639,5.72172E+11,4.60108E+11
5/9/22,30072.93928,6.47647E+11,4.61069E+11
5/8/22,34027.02133,6.75042E+11,4.64042E+11
5/7/22,35450.77174,6.85103E+11,4.64546E+11
5/6/22,35997.0025,6.95523E+11,4.64738E+11
5/5/22,36547.03884,7.55134E+11,4.65192E+11
5/4/22,39678.47334,7.17802E+11,4.6604E+11
5/3/22,37724.77393,7.32967E+11,4.65616E+11
5/2/22,38518.41923,7.31922E+11,4.66248E+11
5/1/22,38474.80813,7.15828E+11,4.6689E+11
4/30/22,37623.65697,7.34563E+11,4.6678E+11
4/29/22,38588.32688,7.58315E+11,4.671E+11
4/28/22,39799.80594,7.46543E+11,4.67511E+11
4/27/22,39244.83524,7.25039E+11,4.67451E+11
4/26/22,38116.98843,7.69151E+11,4.67377E+11
4/25/22,40430.98658,7.50574E+11,4.68136E+11
4/24/22,39462.18292,7.50355E+11,4.68111E+11
4/23/22,39451.40169,7.55264E+11,4.68121E+11
4/22/22,39712.77301,7.69917E+11,4.68125E+11
4/21/22,40482.72941,7.8671E+11,4.68538E+11
4/20/22,41366.02942,7.89198E+11,4.67737E+11
4/19/22,41501.3797,7.7596E+11,4.67634E+11
4/18/22,40807.30059,7.54574E+11,4.67417E+11
4/17/22,39689.09277,7.67944E+11,4.6731E+11
4/16/22,40390.62799,7.71104E+11,4.67359E+11
4/15/22,40555.64288,7.59473E+11,4.67382E+11
4/14/22,39945.00042,7.82429E+11,4.67262E+11
4/13/22,41150.3549,7.61993E+11,4.66948E+11
4/12/22,40083.91278,7.51554E+11,4.66758E+11
4/11/22,39533.54311,8.01428E+11,4.66156E+11
4/10/22,42162.75786,8.12842E+11,4.66939E+11
4/9/22,42764.05682,8.03257E+11,4.67011E+11
4/8/22,42263.37052,8.25807E+11,4.66914E+11
4/7/22,43455.12215,8.20474E+11,4.67343E+11
4/6/22,43176.59712,8.64806E+11,4.67366E+11
4/5/22,45502.03196,8.85417E+11,4.6805E+11
4/4/22,46594.42098,8.81995E+11,4.68031E+11
4/3/22,46414.52735,8.70459E+11,4.67653E+11
4/2/22,45822.87734,8.79691E+11,4.67374E+11
4/1/22,46298.58833,8.64839E+11,4.6738E+11
3/31/22,45537.67,8.94326E+11,4.66853E+11
3/30/22,47075.07894,9.01431E+11,4.67143E+11
3/29/22,47449.78374,8.9544E+11,4.66748E+11
3/28/22,47138.51218,8.89753E+11,4.65759E+11
3/27/22,46842.63906,8.45939E+11,4.64501E+11
3/26/22,44535.51077,8.42085E+11,4.63762E+11
3/25/22,44329.92129,8.36022E+11,4.63609E+11
3/24/22,44013.20761,8.14689E+11,4.61269E+11
3/23/22,42899.62081,8.04744E+11,4.60763E+11
3/22/22,42379.86359,7.78859E+11,4.60438E+11
3/21/22,41021.10995,7.83911E+11,4.59972E+11
3/20/22,41275.41981,8.01701E+11,4.59891E+11
3/19/22,42227.20598,7.9327E+11,4.59907E+11
3/18/22,41775.23218,7.77462E+11,4.59717E+11
3/17/22,40941.12351,7.80913E+11,4.59398E+11
3/16/22,41131.4482,7.46055E+11,4.59733E+11
3/15/22,39303.53847,7.53254E+11,4.59115E+11
3/14/22,39677.17882,7.17299E+11,4.59248E+11
3/13/22,37786.21012,7.36627E+11,4.59006E+11
3/12/22,38806.9813,7.35214E+11,4.59085E+11
3/11/22,38733.32932,7.48522E+11,4.59058E+11
3/10/22,39439.80579,7.96279E+11,4.59552E+11
3/9/22,41957.16433,7.35292E+11,4.59139E+11
3/8/22,38746.54613,7.21145E+11,4.5823E+11
3/7/22,38001.05209,7.28976E+11,4.58532E+11
3/6/22,38418.00318,7.47721E+11,4.58776E+11
3/5/22,39405.1303,7.42943E+11,4.58863E+11
3/4/22,39155.57228,8.05717E+11,4.58843E+11
3/3/22,42461.08534,8.33405E+11,4.59792E+11
3/2/22,43920.41706,8.43183E+11,4.59565E+11
3/1/22,44436.23989,8.19312E+11,4.59347E+11
2/28/22,43192.80634,7.15447E+11,4.58677E+11
2/27/22,37716.35255,7.42403E+11,4.56624E+11
2/26/22,39134.03308,7.4442E+11,4.56877E+11
2/25/22,39242.85668,7.27424E+11,4.57013E+11
2/24/22,38354.77806,7.06952E+11,4.56979E+11
2/23/22,37271.51012,7.25626E+11,4.56946E+11
2/22/22,38256.55226,7.02333E+11,4.57046E+11
2/21/22,37033.98243,7.28293E+11,4.57041E+11
2/20/22,38399.03372,7.60398E+11,4.57596E+11
2/19/22,40098.18823,7.58384E+11,4.5786E+11
2/18/22,39996.20898,7.6862E+11,4.57865E+11
2/17/22,40544.62216,8.32266E+11,4.58138E+11
2/16/22,43899.17505,8.45324E+11,4.58872E+11
2/15/22,44574.61961,8.06745E+11,4.58711E+11
2/14/22,42548.44212,7.97693E+11,4.58035E+11
2/13/22,42075.71547,8.00665E+11,4.57954E+11
2/12/22,42235.97254,8.03655E+11,4.57888E+11
2/11/22,42395.74554,8.25147E+11,4.57683E+11
2/10/22,43530.95213,8.41841E+11,4.57568E+11
2/9/22,44417.15509,8.3545E+11,4.57379E+11
2/8/22,44080.88605,8.3129E+11,4.57037E+11
2/7/22,43870.00033,8.03944E+11,4.56606E+11
2/6/22,42411.43793,7.8544E+11,4.5586E+11
2/5/22,41413.94593,7.87887E+11,4.55676E+11
2/4/22,41603.02799,7.06501E+11,4.55466E+11
2/3/22,37331.44073,6.99657E+11,4.54546E+11
2/2/22,36920.35032,7.3362E+11,4.54756E+11
2/1/22,38721.01071,7.29673E+11,4.55169E+11
1/31/22,38490.06537,7.18215E+11,4.52685E+11
1/30/22,37905.1387,7.2349E+11,4.52706E+11
1/29/22,38182.04097,7.15278E+11,4.53079E+11
1/28/22,37739.45842,7.02795E+11,4.53789E+11
1/27/22,37181.24472,6.97329E+11,4.54247E+11
1/26/22,36833.92009,7.00038E+11,4.54502E+11
1/25/22,36981.47196,6.94489E+11,4.54796E+11
1/24/22,36688.13561,6.86854E+11,4.54875E+11
1/23/22,36276.72538,6.6402E+11,4.5539E+11
1/22/22,35078.71447,6.91594E+11,4.55432E+11
1/21/22,36467.14401,7.70554E+11,4.56186E+11
1/20/22,40686.30786,7.89575E+11,4.58935E+11
1/19/22,41675.09029,8.02471E+11,4.59484E+11
1/18/22,42372.24701,7.99736E+11,4.60139E+11
1/17/22,42221.05169,8.15802E+11,4.60265E+11
1/16/22,43094.37397,8.16089E+11,4.60677E+11
1/15/22,43095.6166,8.15601E+11,4.60603E+11
1/14/22,43085.56972,8.05439E+11,4.60526E+11
1/13/22,42573.11238,8.31093E+11,4.60522E+11
1/12/22,43920.9371,8.09089E+11,4.60822E+11
1/11/22,42742.67943,7.91877E+11,4.60424E+11
1/10/22,41831.12167,7.92251E+11,4.6048E+11
1/9/22,41868.3985,7.8912E+11,4.6064E+11
1/8/22,41686.8194,7.86308E+11,4.6069E+11
1/7/22,41555.91333,8.15794E+11,4.60838E+11
1/6/22,43086.8675,8.2215E+11,4.61738E+11
1/5/22,43443.74266,8.67344E+11,4.6213E+11
1/4/22,45828.00081,8.78369E+11,4.62754E+11
1/3/22,46448.54887,8.95373E+11,4.63163E+11
1/2/22,47300.26098,9.03071E+11,4.63317E+11
1/1/22,47738.09021,8.73686E+11,4.63293E+11
12/31/21,46209.11395,8.91642E+11,4.63116E+11
12/30/21,47127.70358,8.78081E+11,4.63166E+11
12/29/21,46471.42158,8.99812E+11,4.62985E+11
12/28/21,47549.76742,9.58776E+11,4.63384E+11
12/27/21,50713.32174,9.61041E+11,4.63942E+11
12/26/21,50801.80104,9.53469E+11,4.63753E+11
12/25/21,50433.0053,9.60599E+11,4.63509E+11
12/24/21,50841.17447,9.60843E+11,4.63557E+11
12/23/21,50840.98385,9.19131E+11,4.63219E+11
12/22/21,48607.9736,9.24883E+11,4.62448E+11
12/21/21,48913.54969,8.867E+11,4.62335E+11
12/20/21,46919.45575,8.82854E+11,4.61835E+11
12/19/21,46696.18829,8.85748E+11,4.61989E+11
12/18/21,46858.70725,8.72375E+11,4.61939E+11
12/17/21,46158.83777,9.00777E+11,4.61836E+11
12/16/21,47644.42976,9.23975E+11,4.62336E+11
12/15/21,48888.31128,9.14626E+11,4.62437E+11
12/14/21,48371.07189,8.83607E+11,4.62195E+11
12/13/21,46734.82802,9.4687E+11,4.61675E+11
12/12/21,50095.84189,9.3285E+11,4.62271E+11
12/11/21,49413.9917,8.91354E+11,4.62141E+11
12/10/21,47177.63654,9.00679E+11,4.61755E+11
12/9/21,47580.70581,9.54573E+11,4.6204E+11
12/8/21,50514.81642,9.5681E+11,4.62831E+11
12/7/21,50631.72169,9.55954E+11,4.62885E+11
12/6/21,50513.50134,9.33813E+11,4.61797E+11
12/5/21,49466.50946,9.3018E+11,4.62065E+11
12/4/21,49237.93061,1.01207E+12,4.62226E+11
12/3/21,53650.62354,1.06792E+12,4.64016E+11
12/2/21,56520.89965,1.08102E+12,4.64659E+11
12/1/21,57219.38453,1.07702E+12,4.64677E+11
11/30/21,56980.61207,1.09219E+12,4.63918E+11
11/29/21,57835.29033,1.08147E+12,4.63637E+11
11/28/21,57324.80153,1.03468E+12,4.62692E+11
11/27/21,54773.00679,1.01329E+12,4.62119E+11
11/26/21,53771.63946,1.11342E+12,4.62131E+11
11/25/21,58993.30763,1.07976E+12,4.63327E+11
11/24/21,57167.9404,1.08689E+12,4.59753E+11
11/23/21,57566.31613,1.06284E+12,4.59463E+11
11/22/21,56287.30191,1.1092E+12,4.59051E+11
11/21/21,58687.18568,1.12802E+12,4.59615E+11
11/20/21,59763.42239,1.0973E+12,4.59465E+11
11/19/21,58113.41754,1.07523E+12,4.58961E+11
11/18/21,56922.44044,1.1397E+12,4.58626E+11
11/17/21,60374.03497,1.13482E+12,4.59585E+11
11/16/21,60101.08655,1.19977E+12,4.58894E+11
11/15/21,63613.27713,1.23595E+12,4.58213E+11
11/14/21,65529.21555,1.21545E+12,4.57142E+11
11/13/21,64408.39593,1.21175E+12,4.56713E+11
11/12/21,64148.80106,1.22417E+12,4.56281E+11
11/11/21,64815.87968,1.22646E+12,4.50155E+11
11/10/21,64916.88838,1.26311E+12,4.49058E+11
11/9/21,66952.03856,1.27475E+12,4.48085E+11
11/8/21,67553.51053,1.19494E+12,4.46412E+11
11/7/21,63319.1844,1.16025E+12,4.43436E+11
11/6/21,61528.8353,1.15148E+12,4.42942E+11
11/5/21,61016.50554,1.15952E+12,4.42339E+11
11/4/21,61456.70415,1.18764E+12,4.41285E+11
11/3/21,62927.54297,1.19366E+12,4.41026E+11
11/2/21,63269.55171,1.15026E+12,4.39366E+11
11/1/21,60954.44422,1.15764E+12,4.36574E+11
10/31/21,61349.79664,1.16767E+12,4.35569E+11
10/30/21,61889.92586,1.17506E+12,4.33604E+11
10/29/21,62292.15272,1.14351E+12,4.33171E+11
10/28/21,60608.59295,1.10308E+12,4.31872E+11
10/27/21,58475.89924,1.13823E+12,4.30732E+11
10/26/21,60337.94071,1.1897E+12,4.30786E+11
10/25/21,63085.86123,1.14842E+12,4.30282E+11
10/24/21,60873.55243,1.1567E+12,4.2832E+11
10/23/21,61297.13793,1.14453E+12,4.27271E+11
10/22/21,60679.0123,1.17284E+12,4.26844E+11
10/21/21,62229.46848,1.24267E+12,4.26528E+11
10/20/21,66038.3304,1.21194E+12,4.25234E+11
10/19/21,64293.39211,1.1694E+12,4.22453E+11
10/18/21,62017.58658,1.16006E+12,4.20444E+11
10/17/21,61524.82823,1.14797E+12,4.17417E+11
10/16/21,60876.51747,1.16181E+12,4.16795E+11
10/15/21,61679.70155,1.08053E+12,4.15956E+11
10/14/21,57355.09981,1.08184E+12,4.13682E+11
10/13/21,57371.07835,1.05615E+12,4.12436E+11
10/12/21,56003.87675,1.08352E+12,4.11294E+11
10/11/21,57498.92318,1.03118E+12,4.10171E+11
10/10/21,54685.66784,1.03597E+12,4.0894E+11
10/9/21,54969.25392,1.01697E+12,4.08299E+11
10/8/21,53964.72554,1.01517E+12,4.07709E+11
10/7/21,53791.56012,1.04243E+12,4.07045E+11
10/6/21,55333.01133,9.70515E+11,4.0573E+11
10/5/21,51496.07379,9.27668E+11,4.02652E+11
10/4/21,49245.04934,9.08379E+11,4.01383E+11
10/3/21,48228.37433,9.06257E+11,4.00564E+11
10/2/21,47660.8014,9.07034E+11,4.00259E+11
10/1/21,48167.68563,8.24891E+11,3.99615E+11
9/30/21,43825.75736,7.82898E+11,3.98307E+11
9/29/21,41524.60631,7.84475E+11,3.97707E+11
9/28/21,41039.93421,8.11121E+11,3.97706E+11
9/27/21,42169.21467,8.13111E+11,3.97989E+11
9/26/21,43189.1592,8.03959E+11,3.97952E+11
9/25/21,42703.66528,8.06916E+11,3.95221E+11
9/24/21,42847.898,8.4532E+11,3.95196E+11
9/23/21,44896.43469,8.20423E+11,3.95485E+11
9/22/21,43573.11521,7.6678E+11,3.95132E+11
9/21/21,40713.37244,8.06673E+11,3.94575E+11
9/20/21,43005.41397,8.89576E+11,3.95284E+11
9/19/21,47250.2111,9.03246E+11,3.96212E+11
9/18/21,48302.4612,8.90155E+11,3.96075E+11
9/17/21,47300.90216,8.99334E+11,3.95777E+11
9/16/21,47757.27116,9.06814E+11,3.95534E+11
9/15/21,48148.33116,8.86556E+11,3.9514E+11
9/14/21,47130.67957,8.4604E+11,3.94079E+11
9/13/21,44956.04181,8.66618E+11,3.93386E+11
9/12/21,46036.38757,8.50575E+11,3.93458E+11
9/11/21,45175.24476,8.44072E+11,3.93196E+11
9/10/21,44858.85104,8.73064E+11,3.93067E+11
9/9/21,46406.77808,8.71213E+11,3.93215E+11
9/8/21,46072.84462,8.80744E+11,3.92494E+11
9/7/21,46888.73509,9.90923E+11,3.92435E+11
9/6/21,52699.01788,9.74265E+11,3.93001E+11
9/5/21,51795.68876,9.39599E+11,3.92287E+11
9/4/21,49943.86591,9.41874E+11,3.91861E+11
9/3/21,49998.47889,9.35309E+11,3.9144E+11
9/2/21,49274.87863,9.18759E+11,3.90888E+11
9/1/21,48844.67979,8.842E+11,3.90184E+11
8/31/21,47132.96024,8.84589E+11,3.8939E+11
8/30/21,47002.93606,9.18514E+11,3.88967E+11
8/29/21,48804.89207,9.19723E+11,3.8875E+11
8/28/21,48931.19062,9.22863E+11,3.88513E+11
8/27/21,49094.13334,8.81981E+11,3.88216E+11
8/26/21,46856.62736,9.20894E+11,3.87753E+11
8/25/21,48996.1351,8.97881E+11,3.87182E+11
8/24/21,47661.18803,9.31071E+11,3.85309E+11
8/23/21,49513.10577,9.26702E+11,3.85151E+11
8/22/21,49285.90687,9.19111E+11,3.84159E+11
8/21/21,48874.22922,9.27337E+11,3.83722E+11
8/20/21,49339.775,8.78825E+11,3.83242E+11
8/19/21,46779.78199,8.42147E+11,3.82248E+11
8/18/21,44723.54789,8.40003E+11,3.8158E+11
8/17/21,44702.67993,8.64364E+11,3.81068E+11
8/16/21,45944.5711,8.84409E+11,3.80907E+11
8/15/21,47019.24279,8.85238E+11,3.80551E+11
8/14/21,47113.09373,8.98741E+11,3.80305E+11
8/13/21,47824.71048,8.34339E+11,3.79403E+11
8/12/21,44427.68488,8.56409E+11,3.78556E+11
8/11/21,45547.32441,8.5772E+11,3.78255E+11
8/10/21,45570.76175,8.71737E+11,3.77797E+11
8/9/21,46278.25354,8.23745E+11,3.7719E+11
8/8/21,43849.09619,8.37002E+11,3.76084E+11
8/7/21,44623.75803,8.05406E+11,3.75815E+11
8/6/21,42861.67791,7.68013E+11,3.75335E+11
8/5/21,40906.72936,7.46619E+11,3.74595E+11
8/4/21,39711.57695,7.16304E+11,3.74208E+11
8/3/21,38214.81669,7.35616E+11,3.73863E+11
8/2/21,39175.32554,7.50809E+11,3.74017E+11
8/1/21,39871.31484,7.80542E+11,3.739E+11
7/31/21,41485.39149,7.93623E+11,3.73931E+11
7/30/21,42229.8058,7.51363E+11,3.73699E+11
7/29/21,40032.51673,7.51111E+11,3.72972E+11
7/28/21,40047.36797,7.40421E+11,3.68584E+11
7/27/21,39478.99469,7.00618E+11,3.66845E+11
7/26/21,37258.1117,6.64076E+11,3.64095E+11
7/25/21,35416.08377,6.43935E+11,3.62433E+11
7/24/21,34279.26671,6.30555E+11,3.62318E+11
7/23/21,33648.0544,6.06416E+11,3.62201E+11
7/22/21,32287.33338,6.02651E+11,3.62886E+11
7/21/21,32145.21055,5.5931E+11,3.62668E+11
7/20/21,29807.79473,5.79032E+11,3.62496E+11
7/19/21,30843.20915,5.96961E+11,3.62646E+11
7/18/21,31801.53324,5.91953E+11,3.6287E+11
7/17/21,31532.01402,5.89407E+11,3.62986E+11
7/16/21,31395.10194,5.98192E+11,3.61505E+11
7/15/21,31877.96709,6.15782E+11,3.61848E+11
7/14/21,32838.40638,6.14129E+11,3.62312E+11
7/13/21,32729.37274,6.2068E+11,3.62512E+11
7/12/21,33087.18183,6.42639E+11,3.62753E+11
7/11/21,34257.99276,6.28737E+11,3.62622E+11
7/10/21,33522.06357,6.33935E+11,3.62554E+11
7/9/21,33810.42782,6.16572E+11,3.62574E+11
7/8/21,32884.77623,6.35511E+11,3.62433E+11
7/7/21,33869.70692,6.42106E+11,3.62773E+11
7/6/21,34222.14299,6.31954E+11,3.62748E+11
7/5/21,33694.22371,6.61701E+11,3.62798E+11
7/4/21,35285.49583,6.50478E+11,3.62894E+11
7/3/21,34674.99184,6.34003E+11,3.62768E+11
7/2/21,33698.74912,6.28509E+11,3.62689E+11
7/1/21,33516.54526,6.57465E+11,3.63605E+11
6/30/21,35047.23923,6.73238E+11,3.64042E+11
6/29/21,35909.54507,6.46743E+11,3.64153E+11
6/28/21,34495.23535,6.4973E+11,3.64085E+11
6/27/21,34709.64461,6.0424E+11,3.64122E+11
6/26/21,32291.05987,5.92309E+11,3.63798E+11
6/25/21,31587.36268,6.4982E+11,3.64109E+11
6/24/21,34660.06635,6.31078E+11,3.67683E+11
6/23/21,33683.42842,6.10047E+11,3.67569E+11
6/22/21,32530.81377,5.93685E+11,3.67602E+11
6/21/21,31623.93744,6.67961E+11,3.67901E+11
6/20/21,35596.77104,6.65619E+11,3.69093E+11
6/19/21,35497.93375,6.71849E+11,3.69119E+11
6/18/21,35779.21794,7.1414E+11,3.69232E+11
6/17/21,38089.85951,7.18805E+11,3.69584E+11
6/16/21,38923.61051,7.52549E+11,3.69971E+11
6/15/21,40907.36238,7.59657E+11,3.70071E+11
6/14/21,40873.98188,7.32537E+11,3.69751E+11
6/13/21,39017.91565,6.65917E+11,3.69003E+11
6/12/21,35550.8093,6.9959E+11,3.68654E+11
6/11/21,37333.37692,6.87484E+11,3.68829E+11
6/10/21,36690.32311,6.99896E+11,3.68648E+11
6/9/21,37400.09617,6.25968E+11,3.68894E+11
6/8/21,33407.06357,6.29014E+11,3.6791E+11
6/7/21,33573.46144,6.71111E+11,3.68832E+11
6/6/21,35804.81273,6.65788E+11,3.6953E+11
6/5/21,35624.25609,6.906E+11,3.69685E+11
6/4/21,36852.26504,7.3465E+11,3.69994E+11
6/3/21,39244.86697,7.03759E+11,3.70519E+11
6/2/21,37573.70033,6.87032E+11,3.69954E+11
6/1/21,36685.06845,6.98718E+11,3.7007E+11
5/31/21,37272.78844,6.68396E+11,3.69756E+11
5/30/21,35663.40484,6.48361E+11,3.69647E+11
5/29/21,34622.56633,6.70097E+11,3.69293E+11
5/28/21,35763.56565,7.20309E+11,3.69644E+11
5/27/21,38554.13094,7.35751E+11,3.70392E+11
5/26/21,39295.80572,7.18462E+11,3.70764E+11
5/25/21,38372.10427,7.27635E+11,3.70532E+11
5/24/21,38849.5336,6.50664E+11,3.71055E+11
5/23/21,34804.38326,7.02179E+11,3.70038E+11
5/22/21,37489.56965,6.9847E+11,3.7049E+11
5/21/21,37328.64479,7.65932E+11,3.71157E+11
5/20/21,40691.8651,6.9164E+11,3.72088E+11
5/19/21,36759.91033,8.05315E+11,3.72932E+11
5/18/21,42993.18114,8.15462E+11,3.75613E+11
5/17/21,43671.66671,8.70317E+11,3.76037E+11
5/16/21,46473.78117,8.75651E+11,3.77064E+11
5/15/21,46939.23536,9.3398E+11,3.77198E+11
5/14/21,49890.59561,9.30245E+11,3.77302E+11
5/13/21,49902.26759,9.17551E+11,3.77163E+11
5/12/21,49504.03618,1.06202E+12,3.77112E+11
5/11/21,56749.68691,1.04532E+12,3.76512E+11
5/10/21,56027.28807,1.09115E+12,3.75879E+11
5/9/21,58301.81374,1.10288E+12,3.7535E+11
5/8/21,58944.24775,1.0735E+12,3.74449E+11
5/7/21,57363.20853,1.05594E+12,3.73787E+11
5/6/21,56433.33125,1.07584E+12,3.71501E+11
5/5/21,57502.29888,9.95908E+11,3.69684E+11
5/4/21,53237.45977,1.06974E+12,3.68431E+11
5/3/21,57208.99901,1.05902E+12,3.67925E+11
5/2/21,56618.21143,1.08147E+12,3.66963E+11
5/1/21,57848.18336,1.08025E+12,3.66434E+11
4/30/21,57757.14922,1.00197E+12,3.65818E+11
4/29/21,53601.02874,1.02628E+12,3.63766E+11
4/28/21,54885.98724,1.02985E+12,3.62516E+11
4/27/21,55138.20775,1.01086E+12,3.61862E+11
4/26/21,54048.74752,9.18525E+11,3.60177E+11
4/25/21,49121.76911,9.36997E+11,3.58792E+11
4/24/21,50111.38928,9.56739E+11,3.58805E+11
4/23/21,51229.06349,9.66681E+11,3.58129E+11
4/22/21,51710.00208,1.00572E+12,3.5784E+11
4/21/21,53923.20193,1.05607E+12,3.57194E+11
4/20/21,56561.34904,1.04106E+12,3.57098E+11
4/19/21,55686.67921,1.05111E+12,3.56374E+11
4/18/21,56304.31981,1.12233E+12,3.55992E+11
4/17/21,60056.66403,1.14784E+12,3.52024E+11
4/16/21,61412.75077,1.18267E+12,3.51096E+11
4/15/21,63224.16827,1.17854E+12,3.50126E+11
4/14/21,63026.70863,1.18986E+12,3.47894E+11
4/13/21,63631.40603,1.11855E+12,3.45106E+11
4/12/21,59843.1204,1.12111E+12,3.42483E+11
4/11/21,60055.85029,1.11719E+12,3.40958E+11
4/10/21,59757.77544,1.08581E+12,3.40158E+11
4/9/21,58116.80037,1.08518E+12,3.38465E+11
4/8/21,58074.76253,1.04532E+12,3.377E+11
4/7/21,56010.00093,1.08395E+12,3.36583E+11
4/6/21,58008.93216,1.10473E+12,3.35922E+11
4/5/21,59131.6975,1.08759E+12,3.30469E+11
4/4/21,58220.43494,1.06497E+12,3.29514E+11
4/3/21,57075.67222,1.10172E+12,3.28921E+11
4/2/21,58976.88256,1.09697E+12,3.28616E+11
4/1/21,58716.17875,1.09813E+12,3.27237E+11
3/31/21,58855.45542,1.09795E+12,3.25178E+11
3/30/21,58776.67974,1.07619E+12,3.2382E+11
3/29/21,57626.17695,1.04173E+12,3.21977E+11
3/28/21,55770.15954,1.04303E+12,3.20521E+11
3/27/21,55840.93994,1.02794E+12,3.19879E+11
3/26/21,55058.52259,9.58352E+11,3.18865E+11
3/25/21,51319.3045,9.75875E+11,3.16881E+11
3/24/21,52295.92209,1.01455E+12,3.15586E+11
3/23/21,54347.44863,1.01003E+12,3.14661E+11
3/22/21,54103.94357,1.0711E+12,3.12579E+11
3/21/21,57368.10101,1.08455E+12,3.11614E+11
3/20/21,58106.77071,1.08329E+12,3.10773E+11
3/19/21,58045.14273,1.07592E+12,3.09792E+11
3/18/21,57642.07317,1.09968E+12,3.08941E+11
3/17/21,58908.92466,1.06229E+12,3.08069E+11
3/16/21,56916.0571,1.03829E+12,3.06207E+11
3/15/21,55623.07638,1.10359E+12,3.04574E+11
3/14/21,58980.62573,1.14175E+12,3.03263E+11
3/13/21,61174.18913,1.06775E+12,3.01674E+11
3/12/21,57232.04945,1.07848E+12,2.99505E+11
3/11/21,57802.94451,1.0449E+12,2.97077E+11
3/10/21,55875.76147,1.02431E+12,2.93741E+11
3/9/21,54919.74945,9.75745E+11,2.91792E+11
3/8/21,52402.09893,9.53892E+11,2.89959E+11
3/7/21,50984.95349,9.11206E+11,2.88197E+11
3/6/21,48900.34647,9.11128E+11,2.87517E+11
3/5/21,48774.4892,9.03764E+11,2.86945E+11
3/4/21,48372.15204,9.41197E+11,2.85828E+11
3/3/21,50379.50355,9.02024E+11,2.85216E+11
3/2/21,48500.72357,9.2511E+11,2.84028E+11
3/1/21,49611.5712,8.42237E+11,2.82969E+11
2/28/21,45223.36032,8.60841E+11,2.81022E+11
2/27/21,46168.27661,8.64091E+11,2.80602E+11
2/26/21,46309.90958,8.73193E+11,2.81087E+11
2/25/21,47085.01708,9.27345E+11,2.79084E+11
2/24/21,49734.20642,9.11718E+11,2.77427E+11
2/23/21,48909.54896,1.00905E+12,2.75133E+11
2/22/21,54129.4562,1.07139E+12,2.72703E+11
2/21/21,57475.84229,1.04284E+12,2.70717E+11
2/20/21,55898.15513,1.04309E+12,2.68423E+11
2/19/21,55951.07988,9.61963E+11,2.66023E+11
2/18/21,51584.60232,9.71813E+11,2.59417E+11
2/17/21,52158.95344,9.17917E+11,2.56442E+11
2/16/21,49262.75663,8.9369E+11,2.53427E+11
2/15/21,47928.93401,9.07923E+11,2.5166E+11
2/14/21,48647.20217,8.79483E+11,2.48893E+11
2/13/21,47219.18701,8.83805E+11,2.47876E+11
2/12/21,47407.35498,8.99512E+11,2.47293E+11
2/11/21,48099.28451,8.36853E+11,2.44676E+11
2/10/21,44842.77563,8.67586E+11,2.42178E+11
2/9/21,46496.44382,8.66244E+11,2.39579E+11
2/8/21,46445.54809,7.24765E+11,2.34851E+11
2/7/21,38863.06184,7.32263E+11,2.31227E+11
2/6/21,39227.83557,7.13689E+11,2.30067E+11
2/5/21,38318.49042,6.88793E+11,2.28946E+11
2/4/21,36981.97461,7.01733E+11,2.26944E+11
2/3/21,37676.07495,6.6183E+11,2.25576E+11
2/2/21,35504.72026,6.25077E+11,2.24459E+11
2/1/21,33539.103,6.16802E+11,2.23322E+11
1/31/21,33127.6414,6.39099E+11,2.22827E+11
1/30/21,34307.31795,6.39163E+11,2.2216E+11
1/29/21,34258.70213,6.21772E+11,2.21494E+11
1/28/21,33447.71128,5.65849E+11,2.19988E+11
1/27/21,30420.10362,6.06112E+11,2.18657E+11
1/26/21,32510.00577,6.01328E+11,2.17611E+11
1/25/21,32263.03116,6.01292E+11,2.17248E+11
1/24/21,32294.1225,5.97777E+11,2.16922E+11
1/23/21,32104.27243,6.14983E+11,2.16718E+11
1/22/21,32978.65509,5.72272E+11,2.16453E+11
1/21/21,30834.97592,6.60996E+11,2.16031E+11
1/20/21,35500.97574,6.70232E+11,2.162E+11
1/19/21,35910.44306,6.81625E+11,2.15625E+11
1/18/21,36635.73709,6.6674E+11,2.14907E+11
1/17/21,35824.8613,6.71076E+11,2.13557E+11
1/16/21,35999.69233,6.85743E+11,2.12967E+11
1/15/21,36751.1187,7.3085E+11,2.12272E+11
1/14/21,39115.1617,6.95031E+11,2.11142E+11
1/13/21,37380.05783,6.33119E+11,2.09012E+11
1/12/21,34033.12703,6.61313E+11,2.07303E+11
1/11/21,35435.65105,7.1096E+11,2.06447E+11
1/10/21,38177.89365,7.48166E+11,2.05054E+11
1/9/21,40258.28208,7.5505E+11,2.03539E+11
1/8/21,40638.66322,7.34285E+11,2.00127E+11
1/7/21,39485.03872,6.86344E+11,1.94859E+11
1/6/21,36845.42719,6.31814E+11,1.892E+11
1/5/21,34033.02844,5.95035E+11,1.85563E+11
1/4/21,32013.65761,6.14902E+11,1.82518E+11
1/3/21,33061.90871,5.98995E+11,1.80167E+11
1/2/21,32200.20091,5.46768E+11,1.77064E+11
1/1/21,29402.17695,5.38289E+11,1.73596E+11
12/31/20,28961.16419,5.37234E+11,1.71741E+11
12/30/20,28886.31585,5.08155E+11,1.70272E+11
12/29/20,27360.00519,5.02826E+11,1.68307E+11
12/28/20,27032.28915,4.87338E+11,1.65655E+11
12/27/20,26250.45779,4.91735E+11,1.61891E+11
12/26/20,26463.33316,4.5856E+11,1.60404E+11
12/25/20,24706.34135,4.41283E+11,1.59301E+11
12/24/20,23725.78808,4.31967E+11,1.58838E+11
12/23/20,23228.62932,4.43097E+11,1.57363E+11
12/22/20,23820.55782,4.22096E+11,1.55875E+11
12/21/20,22723.09565,4.36272E+11,1.54005E+11
12/20/20,23475.54147,4.43639E+11,1.53316E+11
12/19/20,23850.64571,4.30364E+11,1.5245E+11
12/18/20,23138.05757,4.2399E+11,1.51697E+11
12/17/20,22811.01828,3.9674E+11,1.49096E+11
12/16/20,21358.63,3.6123E+11,1.46791E+11
12/15/20,19436.29477,3.58163E+11,1.45286E+11
12/14/20,19270.45298,3.56082E+11,1.44762E+11
12/13/20,19163.82729,3.49067E+11,1.44365E+11
12/12/20,18815.68435,3.35427E+11,1.43273E+11
12/11/20,18037.61144,3.39169E+11,1.42833E+11
12/10/20,18254.41259,3.44519E+11,1.42586E+11
12/9/20,18548.17205,3.40254E+11,1.4237E+11
12/8/20,18313.23359,3.56296E+11,1.4168E+11
12/7/20,19176.89398,3.60149E+11,1.41457E+11
12/6/20,19376.0995,3.55884E+11,1.41067E+11
12/5/20,19158.83154,3.46526E+11,1.40855E+11
12/4/20,18657.34697,3.60998E+11,1.40649E+11
12/3/20,19440.18495,3.57018E+11,1.4035E+11
12/2/20,19222.12811,3.49058E+11,1.39748E+11
12/1/20,18784.53707,3.65102E+11,1.39003E+11
11/30/20,19704.01209,3.37675E+11,1.38382E+11
11/29/20,18200.00991,3.29103E+11,1.37311E+11
11/28/20,17735.39958,3.18324E+11,1.3703E+11
11/27/20,17150.16147,3.18448E+11,1.3681E+11
11/26/20,17169.69837,3.47462E+11,1.36469E+11
11/25/20,18713.38153,3.55873E+11,1.36123E+11
11/24/20,19168.06393,3.41032E+11,1.35726E+11
11/23/20,18372.29556,3.41023E+11,1.34849E+11
11/22/20,18434.30493,3.46765E+11,1.34263E+11
11/21/20,18703.92912,3.469E+11,1.33982E+11
11/20/20,18684.69659,3.31087E+11,1.33352E+11
11/19/20,17825.90282,3.3007E+11,1.31967E+11
11/18/20,17786.11943,3.28075E+11,1.31553E+11
11/17/20,17676.56807,3.08916E+11,1.30269E+11
11/16/20,16720.14495,2.93886E+11,1.29388E+11
11/15/20,15946.20023,2.96299E+11,1.28962E+11
11/14/20,16071.50188,3.02836E+11,1.28819E+11
11/13/20,16327.26831,3.01546E+11,1.28601E+11
11/12/20,16314.9691,2.9135E+11,1.28176E+11
11/11/20,15696.27664,2.84009E+11,1.27608E+11
11/10/20,15307.29691,2.84124E+11,1.2723E+11
11/9/20,15334.47855,2.87263E+11,1.26931E+11
11/8/20,15480.69995,2.75105E+11,1.26591E+11
11/7/20,14835.49206,2.88774E+11,1.25999E+11
11/6/20,15597.04455,2.89397E+11,1.25918E+11
11/5/20,15604.4624,2.62214E+11,1.25358E+11
11/4/20,14150.50474,2.60096E+11,1.24212E+11
11/3/20,14024.22384,2.51506E+11,1.23822E+11
11/2/20,13551.60276,2.53481E+11,1.21961E+11
11/1/20,13729.43232,2.56326E+11,1.21617E+11
10/31/20,13792.54598,2.51537E+11,1.21405E+11
10/30/20,13561.92112,2.49488E+11,1.21177E+11
10/29/20,13457.64719,2.46286E+11,1.20997E+11
10/28/20,13277.4554,2.52877E+11,1.20682E+11
10/27/20,13642.2693,2.42158E+11,1.20445E+11
10/26/20,13065.37303,2.41435E+11,1.20002E+11
10/25/20,13036.1664,2.43055E+11,1.19869E+11
10/24/20,13119.10987,2.39917E+11,1.19735E+11
10/23/20,12935.12255,2.40697E+11,1.19473E+11
10/22/20,12977.34543,2.37503E+11,1.19181E+11
10/21/20,12805.89179,2.20977E+11,1.18205E+11
10/20/20,11921.28279,2.17858E+11,1.17722E+11
10/19/20,11758.01777,2.13352E+11,1.1749E+11
10/18/20,11510.0492,2.10627E+11,1.17137E+11
10/17/20,11369.83302,2.09877E+11,1.17085E+11
10/16/20,11325.37157,2.13188E+11,1.17045E+11
10/15/20,11512.30099,2.11739E+11,1.17004E+11
10/14/20,11427.42174,2.11776E+11,1.1688E+11
10/13/20,11428.42499,2.13778E+11,1.16755E+11
10/12/20,11537.90429,2.10815E+11,1.1666E+11
10/11/20,11372.93033,2.09482E+11,1.16535E+11
10/10/20,11301.97962,2.04845E+11,1.16446E+11
10/9/20,11059.01775,2.02449E+11,1.16364E+11
10/8/20,10931.05005,1.97619E+11,1.16232E+11
10/7/20,10666.55178,1.96344E+11,1.16123E+11
10/6/20,10600.33219,1.99815E+11,1.16048E+11
10/5/20,10796.39464,1.97606E+11,1.16035E+11
10/4/20,10672.14776,1.95347E+11,1.15969E+11
10/3/20,10547.09019,1.95785E+11,1.15933E+11
10/2/20,10573.92285,1.96523E+11,1.15919E+11
10/1/20,10620.22173,1.99569E+11,1.15896E+11
9/30/20,10799.72778,2.0071E+11,1.15896E+11
9/29/20,10844.12056,1.98001E+11,1.15859E+11
9/28/20,10694.3912,1.99642E+11,1.15652E+11
9/27/20,10777.15081,1.98627E+11,1.15618E+11
9/26/20,10732.85396,1.97911E+11,1.15588E+11
9/25/20,10692.76616,1.98792E+11,1.15537E+11
9/24/20,10739.08596,1.89537E+11,1.15464E+11
9/23/20,10236.56202,1.94941E+11,1.1538E+11
9/22/20,10531.05968,1.928E+11,1.15434E+11
9/21/20,10416.40674,2.02108E+11,1.15323E+11
9/20/20,10921.35861,2.05047E+11,1.1538E+11
9/19/20,11081.84704,2.02309E+11,1.15334E+11
9/18/20,10934.91133,2.02506E+11,1.15223E+11
9/17/20,10942.42467,2.02676E+11,1.15126E+11
9/16/20,10957.54812,1.99514E+11,1.15047E+11
9/15/20,10787.42191,1.97499E+11,1.14891E+11
9/14/20,10675.89281,1.91181E+11,1.14797E+11
9/13/20,10331.92854,1.93226E+11,1.14732E+11
9/12/20,10443.55161,1.9231E+11,1.14723E+11
9/11/20,10393.9895,1.91316E+11,1.14718E+11
9/10/20,10341.45863,1.89092E+11,1.14717E+11
9/9/20,10222.13697,1.87329E+11,1.14695E+11
9/8/20,10127.99959,1.91932E+11,1.14702E+11
9/7/20,10374.65528,1.89701E+11,1.14741E+11
9/6/20,10255.26237,1.88067E+11,1.14748E+11
9/5/20,10169.71166,1.93495E+11,1.14743E+11
9/4/20,10472.97974,1.87982E+11,1.14806E+11
9/3/20,10160.90589,2.10675E+11,1.14773E+11
9/2/20,11399.38966,2.2053E+11,1.14955E+11
9/1/20,11937.10102,2.15483E+11,1.14914E+11
8/31/20,11656.27421,2.16562E+11,1.14657E+11
8/30/20,11714.42892,2.12127E+11,1.14504E+11
8/29/20,11472.98701,2.13199E+11,1.144E+11
8/28/20,11535.3576,2.09437E+11,1.1438E+11
8/27/20,11333.68925,2.11856E+11,1.14238E+11
8/26/20,11467.14873,2.09337E+11,1.14194E+11
8/25/20,11326.09962,2.17203E+11,1.14112E+11
8/24/20,11756.99816,2.15289E+11,1.14068E+11
8/23/20,11654.50099,2.15711E+11,1.13938E+11
8/22/20,11669.78527,2.12974E+11,1.13892E+11
8/21/20,11531.1448,2.1919E+11,1.13833E+11
8/20/20,11867.15536,2.17273E+11,1.13745E+11
8/19/20,11758.68126,2.20828E+11,1.13616E+11
8/18/20,11958.29446,2.27239E+11,1.1355E+11
8/17/20,12297.42135,2.20015E+11,1.13448E+11
8/16/20,11916.51479,2.19052E+11,1.13034E+11
8/15/20,11859.31566,2.17467E+11,1.12936E+11
8/14/20,11776.73811,2.17823E+11,1.12826E+11
8/13/20,11795.65869,2.13599E+11,1.12653E+11
8/12/20,11570.11966,2.10283E+11,1.12469E+11
8/11/20,11390.09388,2.19696E+11,1.12335E+11
8/10/20,11903.36351,2.15757E+11,1.1217E+11
8/9/20,11687.57358,2.17315E+11,1.12005E+11
8/8/20,11772.00977,2.14191E+11,1.11859E+11
8/7/20,11603.64555,2.17305E+11,1.11621E+11
8/6/20,11769.46897,2.1696E+11,1.11287E+11
8/5/20,11755.60619,2.06658E+11,1.10845E+11
8/4/20,11197.40486,2.07275E+11,1.10515E+11
8/3/20,11231.03193,2.04301E+11,1.10406E+11
8/2/20,11071.16041,2.17951E+11,1.10044E+11
8/1/20,11817.394,2.09532E+11,1.09975E+11
7/31/20,11353.02931,2.0514E+11,1.09788E+11
7/30/20,11114.60513,2.05008E+11,1.09568E+11
7/29/20,11111.82703,2.01774E+11,1.09365E+11
7/28/20,10930.20617,2.03853E+11,1.09151E+11
7/27/20,11047.08655,1.83484E+11,1.08824E+11
7/26/20,9940.629898,1.79191E+11,1.0833E+11
7/25/20,9713.542765,1.76213E+11,1.08243E+11
7/24/20,9561.660406,1.77357E+11,1.08177E+11
7/23/20,9613.60523,1.76053E+11,1.08127E+11
7/22/20,9530.351277,1.73308E+11,1.08042E+11
7/21/20,9394.466919,1.69006E+11,1.07949E+11
7/20/20,9161.410422,1.70048E+11,1.07894E+11
7/19/20,9213.444769,1.69254E+11,1.07885E+11
7/18/20,9172.97175,1.68832E+11,1.07851E+11
7/17/20,9154.080708,1.68434E+11,1.07836E+11
7/16/20,9130.581338,1.69557E+11,1.0783E+11
7/15/20,9190.168182,1.707E+11,1.0782E+11
7/14/20,9255.537821,1.7034E+11,1.07775E+11
7/13/20,9241.207444,1.71596E+11,1.07713E+11
7/12/20,9302.756004,1.70296E+11,1.07699E+11
7/11/20,9233.317787,1.71315E+11,1.07677E+11
7/10/20,9288.481629,1.70301E+11,1.07662E+11
7/9/20,9233.148574,1.74011E+11,1.07636E+11
7/8/20,9438.60717,1.70645E+11,1.07607E+11
7/7/20,9257.454062,1.72296E+11,1.07446E+11
7/6/20,9346.721638,1.67351E+11,1.07422E+11
7/5/20,9076.519365,1.68473E+11,1.07361E+11
7/4/20,9138.262894,1.66946E+11,1.07351E+11
7/3/20,9059.48484,1.6755E+11,1.07331E+11
7/2/20,9088.744013,1.7024E+11,1.07317E+11
7/1/20,9236.616397,1.68417E+11,1.07318E+11
6/30/20,9158.901577,1.69303E+11,1.07283E+11
6/29/20,9180.793174,1.6795E+11,1.0723E+11
6/28/20,9112.658752,1.65925E+11,1.07195E+11
6/27/20,9003.726084,1.68701E+11,1.07182E+11
6/26/20,9155.678027,1.70262E+11,1.07185E+11
6/25/20,9242.103388,1.71315E+11,1.06904E+11
6/24/20,9287.57047,1.77251E+11,1.06919E+11
6/23/20,9621.789561,1.78512E+11,1.06965E+11
6/22/20,9688.285777,1.71266E+11,1.06904E+11
6/21/20,9287.670367,1.7235E+11,1.06799E+11
6/20/20,9353.659753,1.71257E+11,1.06771E+11
6/19/20,9299.224369,1.72717E+11,1.06741E+11
6/18/20,9376.346355,1.7421E+11,1.06745E+11
6/17/20,9454.740879,1.75454E+11,1.06476E+11
6/16/20,9525.1081,1.73628E+11,1.06458E+11
6/15/20,9428.160141,1.71831E+11,1.06397E+11
6/14/20,9334.807055,1.74479E+11,1.0635E+11
6/13/20,9472.327798,1.74205E+11,1.06331E+11
6/12/20,9462.250729,1.70982E+11,1.06307E+11
6/11/20,9267.579317,1.82043E+11,1.06268E+11
6/10/20,9888.807412,1.80011E+11,1.06325E+11
6/9/20,9778.164655,1.80111E+11,1.06247E+11
6/8/20,9785.435997,1.79467E+11,1.06172E+11
6/7/20,9751.488718,1.7797E+11,1.05981E+11
6/6/20,9666.542288,1.77059E+11,1.05941E+11
6/5/20,9617.090421,1.80162E+11,1.05895E+11
6/4/20,9788.178936,1.77711E+11,1.05871E+11
6/3/20,9665.937361,1.75437E+11,1.05756E+11
6/2/20,9519.293396,1.87975E+11,1.05677E+11
6/1/20,10207.83756,1.73801E+11,1.05704E+11
5/31/20,9444.414656,1.78502E+11,1.05338E+11
5/30/20,9698.898059,1.73331E+11,1.05326E+11
5/29/20,9422.103159,1.76046E+11,1.05268E+11
5/28/20,9577.691532,1.6939E+11,1.05214E+11
5/27/20,9204.400057,1.62652E+11,1.05135E+11
5/26/20,8840.038051,1.63632E+11,1.05058E+11
5/25/20,8898.028611,1.64111E+11,1.05066E+11
5/24/20,8714.093912,1.68771E+11,1.05124E+11
5/23/20,9178.907038,1.68588E+11,1.05147E+11
5/22/20,9169.589736,1.66337E+11,1.05113E+11
5/21/20,9057.416448,1.7477E+11,1.05105E+11
5/20/20,9507.786548,1.79906E+11,1.05157E+11
5/19/20,9778.849823,1.7921E+11,1.05129E+11
5/18/20,9752.214888,1.77891E+11,1.04976E+11
5/17/20,9678.114832,1.72545E+11,1.04772E+11
5/16/20,9385.357366,1.71117E+11,1.04702E+11
5/15/20,9309.271876,1.79998E+11,1.04665E+11
5/14/20,9793.74407,1.71052E+11,1.04631E+11
5/13/20,9323.857754,1.62077E+11,1.0445E+11
5/12/20,8817.972242,1.58199E+11,1.04264E+11
5/11/20,8568.403635,1.60712E+11,1.04255E+11
5/10/20,8726.84714,1.75322E+11,1.04353E+11
5/9/20,9538.897857,1.80351E+11,1.04402E+11
5/8/20,9809.862757,1.83558E+11,1.04383E+11
5/7/20,9999.511737,1.68383E+11,1.04151E+11
5/6/20,9155.684258,1.66081E+11,1.03414E+11
5/5/20,9028.860592,1.63267E+11,1.03161E+11
5/4/20,8886.182931,1.63513E+11,1.03064E+11
5/3/20,8903.399225,1.64817E+11,1.02966E+11
5/2/20,8982.89054,1.62044E+11,1.02885E+11
5/1/20,8829.83841,1.58664E+11,1.02784E+11
4/30/20,8626.555604,1.61352E+11,1.026E+11
4/29/20,8785.316071,1.42396E+11,1.0234E+11
4/28/20,7753.418369,1.42942E+11,1.01543E+11
4/27/20,7786.530477,1.41282E+11,1.01505E+11
4/26/20,7701.736565,1.38474E+11,1.01292E+11
4/25/20,7543.924522,1.37773E+11,1.01252E+11
4/24/20,7514.126301,1.37343E+11,1.01219E+11
4/23/20,7486.852624,1.3085E+11,1.01146E+11
4/22/20,7135.508417,1.2563E+11,1.01042E+11
4/21/20,6857.303401,1.25383E+11,1.01006E+11
4/20/20,6837.716266,1.30828E+11,1.0102E+11
4/19/20,7130.827026,1.33186E+11,1.01077E+11
4/18/20,7257.529738,1.29058E+11,1.01068E+11
4/17/20,7036.315819,1.30425E+11,1.0103E+11
4/16/20,7073.715855,1.21502E+11,1.01018E+11
4/15/20,6714.480926,1.25933E+11,1.00976E+11
4/14/20,6875.383794,1.25646E+11,1.01016E+11
4/13/20,6855.122402,1.26743E+11,1.01013E+11
4/12/20,6911.609897,1.26312E+11,1.01028E+11
4/11/20,6888.287613,1.25973E+11,1.01013E+11
4/10/20,6870.103234,1.3336E+11,1.01011E+11
4/9/20,7293.342316,1.35064E+11,1.01401E+11
4/8/20,7370.322853,1.32305E+11,1.01372E+11
4/7/20,7199.711599,1.34468E+11,1.01303E+11
4/6/20,7342.581922,1.2415E+11,1.01329E+11
4/5/20,6780.268408,1.25839E+11,1.0116E+11
4/4/20,6872.605219,1.23484E+11,1.01144E+11
4/3/20,6740.347724,1.24671E+11,1.01125E+11
4/2/20,6799.219403,1.21807E+11,1.01128E+11
4/1/20,6661.999749,1.17598E+11,1.0111E+11
3/31/20,6426.076516,1.17154E+11,1.01389E+11
3/30/20,6406.941005,1.07831E+11,1.01427E+11
3/29/20,5879.887346,1.14527E+11,1.01442E+11
3/28/20,6251.315362,1.16607E+11,1.01531E+11
3/27/20,6368.677836,1.23632E+11,1.0158E+11
3/26/20,6718.236473,1.22507E+11,1.01637E+11
3/25/20,6689.614807,1.23775E+11,1.01603E+11
3/24/20,6767.965342,1.1891E+11,1.01626E+11
3/23/20,6495.929717,1.06498E+11,1.01443E+11
3/22/20,5820.527343,1.13385E+11,1.01404E+11
3/21/20,6194.187191,1.13874E+11,1.0142E+11
3/20/20,6204.773951,1.13198E+11,1.01422E+11
3/19/20,6184.820416,98887832189,1.0159E+11
3/18/20,5411.842018,97978329054,1.015E+11
3/17/20,5336.203408,92093367860,1.01566E+11
3/16/20,5041.082209,98090324376,1.0172E+11
3/15/20,5348.231594,95360771097,1.02138E+11
3/14/20,5204.732144,1.0286E+11,1.02244E+11
3/13/20,5632.209299,88391666659,1.02576E+11
3/12/20,4842.943407,1.45487E+11,1.03245E+11
3/11/20,7940.986248,1.44239E+11,1.05442E+11
3/10/20,7895.316673,1.4536E+11,1.05701E+11
3/9/20,7933.621167,1.47087E+11,1.05804E+11
3/8/20,8041.740678,1.62708E+11,1.05979E+11
3/7/20,8890.389941,1.67278E+11,1.06045E+11
3/6/20,9155.513204,1.65527E+11,1.06044E+11
3/5/20,9069.864635,1.60059E+11,1.05987E+11
3/4/20,8758.234259,1.60055E+11,1.05945E+11
3/3/20,8763.216084,1.6291E+11,1.06192E+11
3/2/20,8919.100578,1.56234E+11,1.06151E+11
3/1/20,8524.001916,1.56091E+11,1.06079E+11
2/29/20,8527.351305,1.59105E+11,1.06095E+11
2/28/20,8704.479409,1.60791E+11,1.06116E+11
2/27/20,8816.775218,1.60467E+11,1.06121E+11
2/26/20,8783.752232,1.7001E+11,1.06174E+11
2/25/20,9310.294008,1.76301E+11,1.06265E+11
2/24/20,9658.346456,1.82139E+11,1.06136E+11
2/23/20,9967.662667,1.76323E+11,1.06103E+11
2/22/20,9667.032271,1.76706E+11,1.06022E+11
2/21/20,9689.543722,1.75174E+11,1.05983E+11
2/20/20,9606.993073,1.75053E+11,1.05931E+11
2/19/20,9597.029282,1.85663E+11,1.05934E+11
2/18/20,10187.49141,1.77024E+11,1.05919E+11
2/17/20,9710.939967,1.81331E+11,1.05623E+11
2/16/20,9923.494739,1.80526E+11,1.05616E+11
2/15/20,9900.113936,1.88539E+11,1.05559E+11
2/14/20,10361.37442,1.86528E+11,1.05554E+11
2/13/20,10233.33196,1.8839E+11,1.05427E+11
2/12/20,10333.13668,1.8712E+11,1.05297E+11
2/11/20,10264.11838,1.79589E+11,1.05147E+11
2/10/20,9849.282206,1.84966E+11,1.04922E+11
2/9/20,10159.05649,1.80224E+11,1.04642E+11
2/8/20,9899.872501,1.78556E+11,1.04512E+11
2/7/20,9800.574195,1.77725E+11,1.04355E+11
2/6/20,9759.720675,1.7502E+11,1.03939E+11
2/5/20,9608.120945,1.66818E+11,1.03645E+11
2/4/20,9166.702234,1.69328E+11,1.03521E+11
2/3/20,9282.608816,1.69986E+11,1.03481E+11
2/2/20,9322.457546,1.71046E+11,1.03399E+11
2/1/20,9376.124127,1.70064E+11,1.03393E+11
1/31/20,9335.795676,1.72895E+11,1.0334E+11
1/30/20,9499.85878,1.69062E+11,1.03145E+11
1/29/20,9285.320795,1.70856E+11,1.02945E+11
1/28/20,9382.044148,1.61926E+11,1.02738E+11
1/27/20,8889.586291,1.56724E+11,1.02593E+11
1/26/20,8598.439479,1.51723E+11,1.02504E+11
1/25/20,8332.856577,1.53461E+11,1.02462E+11
1/24/20,8427.193211,1.52602E+11,1.02436E+11
1/23/20,8382.329887,1.57553E+11,1.0238E+11
1/22/20,8660.073547,1.58689E+11,1.0237E+11
1/21/20,8720.051013,1.56928E+11,1.02344E+11
1/20/20,8625.588795,1.58147E+11,1.02297E+11
1/19/20,8695.793841,1.61253E+11,1.02291E+11
1/18/20,8909.177453,1.61634E+11,1.02286E+11
1/17/20,8897.992114,1.57579E+11,1.02237E+11
1/16/20,8672.236729,1.59901E+11,1.02123E+11
1/15/20,8811.38787,1.59948E+11,1.02021E+11
1/14/20,8811.048973,1.47187E+11,1.01841E+11
1/13/20,8107.084307,1.48466E+11,1.0152E+11
1/12/20,8178.855607,1.45643E+11,1.01479E+11
1/11/20,8017.505113,1.48602E+11,1.01438E+11
1/10/20,8192.129659,1.41942E+11,1.01417E+11
1/9/20,7809.204149,1.46008E+11,1.01334E+11
1/8/20,8049.861002,1.4821E+11,1.01276E+11
1/7/20,8157.183327,1.41065E+11,1.01219E+11
1/6/20,7761.531233,1.33362E+11,1.01127E+11
1/5/20,7353.340005,1.33611E+11,1.01049E+11
1/4/20,7342.932133,1.32912E+11,1.01036E+11
1/3/20,7334.642937,1.26037E+11,1.01042E+11
1/2/20,6947.972833,1.30677E+11,1.00996E+11
1/1/20,7181.337264,1.3E+11,1.0101E+11
12/31/19,7169.576504,1.31285E+11,1.01001E+11
12/30/19,7222.376674,1.33679E+11,1.01025E+11
12/29/19,7382.121245,1.32872E+11,1.01012E+11
12/28/19,7307.054969,1.31653E+11,1.01116E+11
12/27/19,7245.496539,1.3093E+11,1.01107E+11
12/26/19,7194.746152,1.30636E+11,1.01125E+11
12/25/19,7193.137754,1.31694E+11,1.01137E+11
12/24/19,7252.125135,1.32918E+11,1.01299E+11
12/23/19,7316.510251,1.36253E+11,1.01288E+11
12/22/19,7503.997004,1.29728E+11,1.01295E+11
12/21/19,7131.788629,1.30306E+11,1.01264E+11
12/20/19,7190.812862,1.29522E+11,1.01259E+11
12/19/19,7147.994551,1.32233E+11,1.01238E+11
12/18/19,7288.5003,1.201E+11,1.0124E+11
12/17/19,6618.676243,1.24937E+11,1.01311E+11
12/16/19,6885.725362,1.29041E+11,1.01438E+11
12/15/19,7117.330825,1.28332E+11,1.01507E+11
12/14/19,7064.29061,1.31485E+11,1.01502E+11
12/13/19,7252.754675,1.30168E+11,1.01523E+11
12/12/19,7189.968177,1.30526E+11,1.01527E+11
12/11/19,7203.528428,1.30707E+11,1.01566E+11
12/10/19,7222.065872,1.32928E+11,1.01614E+11
12/9/19,7338.702912,1.36472E+11,1.01659E+11
12/8/19,7516.469112,1.35368E+11,1.01694E+11
12/7/19,7501.204667,1.36218E+11,1.01687E+11
12/6/19,7543.383362,1.34264E+11,1.01682E+11
12/5/19,7392.657413,1.3027E+11,1.01709E+11
12/4/19,7196.763418,1.31803E+11,1.01736E+11
12/3/19,7312.750677,1.31984E+11,1.01807E+11
12/2/19,7309.652062,1.3415E+11,1.01879E+11
12/1/19,7403.391541,1.36388E+11,1.0195E+11
11/30/19,7553.244586,1.39918E+11,1.0197E+11
11/29/19,7751.242788,1.34454E+11,1.0203E+11
11/28/19,7430.981868,1.36238E+11,1.02018E+11
11/27/19,7517.313128,1.29299E+11,1.02039E+11
11/26/19,7163.506877,1.29122E+11,1.02074E+11
11/25/19,7121.362302,1.25443E+11,1.02188E+11
11/24/19,6910.514948,1.31886E+11,1.02285E+11
11/23/19,7320.293882,1.31788E+11,1.02303E+11
11/22/19,7277.452237,1.37862E+11,1.02417E+11
11/21/19,7617.449633,1.46024E+11,1.02677E+11
11/20/19,8072.235783,1.47155E+11,1.02831E+11
11/19/19,8121.691814,1.47666E+11,1.02879E+11
11/18/19,8172.772951,1.5352E+11,1.02904E+11
11/17/19,8501.590784,1.53503E+11,1.02968E+11
11/16/19,8473.622431,1.52998E+11,1.02956E+11
11/15/19,8463.451943,1.56022E+11,1.02955E+11
11/14/19,8633.587387,1.58783E+11,1.02974E+11
11/13/19,8759.695424,1.59159E+11,1.02986E+11
11/12/19,8804.741551,1.57661E+11,1.028E+11
11/11/19,8720.637398,1.63226E+11,1.02763E+11
11/10/19,9036.411463,1.59028E+11,1.02768E+11
11/9/19,8803.606776,1.58202E+11,1.02726E+11
11/8/19,8764.202068,1.66092E+11,1.0273E+11
11/7/19,9202.015061,1.68594E+11,1.02811E+11
11/6/19,9339.096593,1.68155E+11,1.02772E+11
11/5/19,9304.273961,1.6993E+11,1.02742E+11
11/4/19,9410.427112,1.66158E+11,1.03009E+11
11/3/19,9204.687721,1.67957E+11,1.02936E+11
11/2/19,9302.58199,1.66983E+11,1.02929E+11
11/1/19,9242.151432,1.65215E+11,1.02884E+11
10/31/19,9152.606229,1.65314E+11,1.02713E+11
10/30/19,9162.325919,1.7007E+11,1.02671E+11
10/29/19,9426.280975,1.66232E+11,1.02642E+11
10/28/19,9223.30726,1.72248E+11,1.02483E+11
10/27/19,9553.123072,1.66934E+11,1.0231E+11
10/26/19,9258.299468,1.56305E+11,1.02194E+11
10/25/19,8665.676948,1.33968E+11,1.01895E+11
10/24/19,7426.48087,1.3471E+11,1.01681E+11
10/23/19,7472.343379,1.44657E+11,1.01871E+11
10/22/19,8022.927961,1.48051E+11,1.02065E+11
10/21/19,8214.942109,1.48505E+11,1.02096E+11
10/20/19,8236.203433,1.43588E+11,1.02124E+11
10/19/19,7966.382533,1.43444E+11,1.02096E+11
10/18/19,7955.602513,1.45503E+11,1.02087E+11
10/17/19,8077.712745,1.44049E+11,1.02117E+11
10/16/19,7993.767296,1.46824E+11,1.02138E+11
10/15/19,8162.382926,1.50435E+11,1.02188E+11
10/14/19,8353.018517,1.49148E+11,1.0227E+11
10/13/19,8279.460136,1.49547E+11,1.01796E+11
10/12/19,8306.740969,1.48786E+11,1.01801E+11
10/11/19,8263.912961,1.54558E+11,1.0178E+11
10/10/19,8570.234352,1.54592E+11,1.01818E+11
10/9/19,8578.59619,1.47269E+11,1.01809E+11
10/8/19,8176.242879,1.47764E+11,1.01768E+11
10/7/19,8202.503792,1.41504E+11,1.01754E+11
10/6/19,7863.607175,1.46631E+11,1.01741E+11
10/5/19,8143.870321,1.46707E+11,1.01778E+11
10/4/19,8146.80332,1.48255E+11,1.01774E+11
10/3/19,8241.702544,1.50786E+11,1.01801E+11
10/2/19,8378.239921,1.49657E+11,1.01839E+11
10/1/19,8318.201508,1.49444E+11,1.01847E+11
9/30/19,8306.647172,1.44942E+11,1.01924E+11
9/29/19,8054.06044,1.47753E+11,1.01939E+11
9/28/19,8212.507756,1.47338E+11,1.01966E+11
9/27/19,8195.473572,1.44913E+11,1.02019E+11
9/26/19,8063.927729,1.5177E+11,1.02013E+11
9/25/19,8437.537039,1.53388E+11,1.02366E+11
9/24/19,8530.168521,1.74033E+11,1.02581E+11
9/23/19,9696.591657,1.80102E+11,1.02822E+11
9/22/19,10027.94002,1.79576E+11,1.02857E+11
9/21/19,9986.093585,1.82535E+11,1.02832E+11
9/20/19,10169.5391,1.84611E+11,1.02821E+11
9/19/19,10253.95035,1.82559E+11,1.02785E+11
9/18/19,10160.73348,1.83153E+11,1.02739E+11
9/17/19,10194.58931,1.84528E+11,1.02605E+11
9/16/19,10269.09079,1.85071E+11,1.02557E+11
9/15/19,10311.4165,1.86017E+11,1.02531E+11
9/14/19,10360.84255,1.85903E+11,1.02492E+11
9/13/19,10363.27365,1.87245E+11,1.02444E+11
9/12/19,10427.4184,1.82345E+11,1.02374E+11
9/11/19,10163.57336,1.81543E+11,1.02287E+11
9/10/19,10103.57559,1.8503E+11,1.0197E+11
9/9/19,10311.641,1.86774E+11,1.01962E+11
9/8/19,10405.25885,1.88021E+11,1.01927E+11
9/7/19,10482.1374,1.84954E+11,1.01867E+11
9/6/19,10307.99408,1.89636E+11,1.01789E+11
9/5/19,10571.68661,1.89697E+11,1.00978E+11
9/4/19,10573.94805,1.902E+11,1.00867E+11
9/3/19,10617.63276,1.86004E+11,1.00774E+11
9/2/19,10373.63034,1.74793E+11,1.00614E+11
9/1/19,9738.476215,1.71961E+11,1.00469E+11
8/31/19,9594.944443,1.71734E+11,1.00409E+11
8/30/19,9583.57388,1.70053E+11,1.00404E+11
8/29/19,9489.430311,1.74203E+11,1.00395E+11
8/28/19,9720.60992,1.82406E+11,1.00454E+11
8/27/19,10171.97878,1.85778E+11,1.00474E+11
8/26/19,10365.01959,1.81515E+11,1.00399E+11
8/25/19,10139.51106,1.81527E+11,1.00303E+11
8/24/19,10142.3495,1.86179E+11,1.00267E+11
8/23/19,10392.92833,1.80892E+11,1.00244E+11
8/22/19,10104.42083,1.81291E+11,99813171319
8/21/19,10122.94976,1.92334E+11,99811543251
8/20/19,10762.16548,1.95573E+11,99835598193
8/19/19,10921.23527,1.84799E+11,99691171209
8/18/19,10314.73275,1.82915E+11,99587846321
8/17/19,10210.34071,1.85181E+11,99548440697
8/16/19,10338.37089,1.84195E+11,99542837171
8/15/19,10292.32609,1.79355E+11,99487404130
8/14/19,10023.57835,1.94548E+11,99449826771
8/13/19,10858.13652,2.03529E+11,99401265424
8/12/19,11374.19792,2.06821E+11,99284296513
8/11/19,11533.76623,2.01911E+11,99177277583
8/10/19,11271.45911,2.1223E+11,99051916792
8/9/19,11862.28875,2.14291E+11,99016458139
8/8/19,11993.8008,2.13881E+11,98873494269
8/7/19,11966.26403,2.05072E+11,98545866993
8/6/19,11469.87093,2.10999E+11,98210491848
8/5/19,11819.91851,1.95918E+11,97843612156
8/4/19,10968.34391,1.93283E+11,97289514697
8/3/19,10820.67298,1.87943E+11,97179453340
8/2/19,10517.12581,1.85705E+11,97070610296
8/1/19,10395.8188,1.80803E+11,96943717468
7/31/19,10111.07676,1.71154E+11,96803361478
7/30/19,9584.347062,1.69458E+11,96705341196
7/29/19,9485.109778,1.70164E+11,96641118752
7/28/19,9541.924838,1.69089E+11,94901589354
7/27/19,9469.244076,1.7556E+11,94878702007
7/26/19,9836.985409,1.76271E+11,94888815073
7/25/19,9880.936478,1.74245E+11,94825745862
7/24/19,9768.592816,1.75823E+11,94784184143
7/23/19,9860.062114,1.84243E+11,94450252235
7/22/19,10325.98345,1.88795E+11,94507760570
7/21/19,10591.3754,1.91792E+11,94497351005
7/20/19,10753.4589,1.87735E+11,94379935587
7/19/19,10523.8693,1.89627E+11,94252254733
7/18/19,10651.16283,1.72499E+11,94095761100
7/17/19,9697.541338,1.67433E+11,93710943361
7/16/19,9429.114427,1.93904E+11,93538234572
7/15/19,10844.48401,1.81658E+11,93681200120
7/14/19,10187.4584,2.02346E+11,93539971809
7/13/19,11372.81785,2.10005E+11,93637841601
7/12/19,11798.01901,2.02325E+11,93590579801
7/11/19,11348.96025,2.15449E+11,93268193398
7/10/19,12095.19783,2.24064E+11,93213304426
7/9/19,12567.1184,2.1919E+11,92602208123
7/8/19,12289.11745,2.04408E+11,92211562880
7/7/19,11467.95327,2.00584E+11,91774995374
7/6/19,11252.77736,1.95489E+11,91652613885
7/5/19,10985.7588,1.98872E+11,91553929461
7/4/19,11141.03183,2.13299E+11,91494603116
7/3/19,11977.92419,1.93203E+11,91226317721
7/2/19,10840.51226,1.88538E+11,90792626081
7/1/19,10592.68763,1.9098E+11,90603400162
6/30/19,10748.54995,2.11679E+11,90551555715
6/29/19,11860.10797,2.19727E+11,90286870950
6/28/19,12360.57787,1.98803E+11,90022436058
6/27/19,11125.06391,2.29823E+11,89190752394
6/26/19,12882.63309,2.09073E+11,88944366058
6/25/19,11769.82166,1.96321E+11,87610395083
6/24/19,11026.75285,1.92764E+11,87064192172
6/23/19,10850.40456,1.9102E+11,86681960830
6/22/19,10672.14022,1.81844E+11,86450481994
6/21/19,10210.09636,1.6979E+11,85982591040
6/20/19,9541.683178,1.65119E+11,85645159347
6/19/19,9278.815753,1.62125E+11,85417638470
6/18/19,9105.6128,1.67539E+11,85156154658
6/17/19,9339.767258,1.59567E+11,85042681107
6/16/19,8971.49374,1.57122E+11,84815590522
6/15/19,8851.215778,1.54389E+11,84570326282
6/14/19,8700.254023,1.46323E+11,84456493558
6/13/19,8235.806271,1.44958E+11,84188482641
6/12/19,8160.066484,1.40668E+11,84094555495
6/11/19,7912.841677,1.42428E+11,83967092627
6/10/19,8012.639056,1.35845E+11,83907811648
6/9/19,7641.542671,1.40719E+11,83726844448
6/8/19,7930.982213,1.42129E+11,83704486358
6/7/19,8000.509849,1.38526E+11,83673661963
6/6/19,7805.398098,1.38235E+11,83565894664
6/5/19,7787.896474,1.36274E+11,83549188480
6/4/19,7674.637613,1.44112E+11,83447224227
6/3/19,8109.134825,1.54922E+11,83952454044
6/2/19,8730.740044,1.51701E+11,83816356170
6/1/19,8546.303994,1.51846E+11,83712639475
5/31/19,8566.133029,1.46904E+11,83611469025
5/30/19,8275.038464,1.5375E+11,83439379777
5/29/19,8661.767792,1.54818E+11,83372387209
5/28/19,8737.853238,1.55554E+11,82174194278
5/27/19,8775.729971,1.54472E+11,81948404213
5/26/19,8707.575144,1.4285E+11,81711276442
5/25/19,8062.518364,1.41884E+11,81495286144
5/24/19,7995.254268,1.3967E+11,81387951552
5/23/19,7877.066225,1.35266E+11,81228025360
5/22/19,7637.511571,1.40685E+11,81082184058
5/21/19,7941.170458,1.41473E+11,81048500887
5/20/19,7990.515635,1.45121E+11,80907960112
5/19/19,8197.574563,1.28829E+11,80784272686
5/18/19,7271.537931,1.30948E+11,80575393288
5/17/19,7369.133819,1.39349E+11,80542927583
5/16/19,7870.585928,1.44752E+11,80552297854
5/15/19,8199.046049,1.40999E+11,80053618166
5/14/19,7979.211189,1.38128E+11,79499302318
5/13/19,7814.926333,1.23596E+11,78986913927
5/12/19,6976.441431,1.27806E+11,78471604096
5/11/19,7192.812254,1.1259E+11,78349499681
5/10/19,6345.576988,1.10496E+11,77858323934
5/9/19,6161.624956,1.06327E+11,77758560975
5/8/19,5952.117012,1.06842E+11,77655101445
5/7/19,5781.330506,1.02326E+11,77553325448
5/6/19,5711.840736,1.04742E+11,77470867363
5/5/19,5739.136897,1.04035E+11,77355832768
5/4/19,5797.107467,1.02375E+11,77300285446
5/3/19,5703.2613,97701338811,77247160232
5/2/19,5417.945256,96308193899,77161282319
5/1/19,5334.481916,94888097739,77139944703
4/30/19,5292.834689,93157698367,77357064298
4/29/19,5179.115804,92767987359,77305676473
4/28/19,5178.921819,94237376278,77332687577
4/27/19,5181.980473,92826902868,77320002420
4/26/19,5190.376029,90866839194,77323987612
4/25/19,5128.097341,96320228757,77400583942
4/24/19,5438.36092,97737943546,77445554425
4/23/19,5525.38838,95082896056,77520260632
4/22/19,5382.831267,93787641316,77429065989
4/21/19,5284.703577,94043311265,77389989136
4/20/19,5309.616439,93442876451,77384404341
4/19/19,5279.526905,93746817352,77363503147
4/18/19,5279.188744,92404193401,77158418951
4/17/19,5219.930321,91879636637,77123673596
4/16/19,5196.80012,88946714343,77066359634
4/15/19,5030.128236,91151567942,77014680365
4/14/19,5153.360751,89519153162,77026404737
4/13/19,5064.542315,89496754424,77085988063
4/12/19,5067.657281,89047037059,77060643572
4/11/19,5039.807169,93879396002,77009772958
4/10/19,5318.02515,91620224543,77016712073
4/9/19,5192.593865,93404038180,76938219421
4/8/19,5277.381378,91773101865,76889304782
4/7/19,5191.490499,89520061576,76813398111
4/6/19,5049.103132,88966962422,76776869704
4/5/19,5037.899398,86707436321,76750452091
4/4/19,4909.32582,87794698029,76724407429
4/3/19,4970.792111,86598548026,76657376811
4/2/19,4900.457644,73032324016,76555036129
4/1/19,4139.844704,72657922207,76241123029
3/31/19,4095.799143,72694066795,76228859921
3/30/19,4099.328808,73344418504,76293340510
3/29/19,4095.744811,70969345676,76287001941
3/28/19,4015.490146,71418171464,76238424734
3/27/19,4029.225682,70184869176,76235940004
3/26/19,3928.188362,68927076179,76218384063
3/25/19,3914.069362,70114648681,76239284363
3/24/19,3975.603692,70319054183,76268699835
3/23/19,3991.114888,71172757084,76271953686
3/22/19,3983.050787,70533234208,76276145855
3/21/19,3978.929207,71688006455,76287132399
3/20/19,4037.519096,70860709924,76308531420
3/19/19,4006.836285,70710014127,76302536274
3/18/19,3974.975143,69882826776,76286199044
3/17/19,3970.149808,70971940061,76296750923
3/16/19,4001.956261,69151397438,76289087233
3/15/19,3912.028711,68118526906,76321922538
3/14/19,3862.041961,67956036882,76324730582
3/13/19,3856.333769,68390754840,76341560088
3/12/19,3868.455947,68299438339,76348359915
3/11/19,3856.040514,69266268081,76380484632
3/10/19,3902.385148,70487233400,76410854220
3/9/19,3925.404203,68806281879,76418847854
3/8/19,3846.367434,68924692231,76414756803
3/7/19,3860.381103,68111355786,76441681910
3/6/19,3853.260037,68174123417,76444603156
3/5/19,3852.505739,66200839201,76454333051
3/4/19,3707.524324,67571737841,76440538637
3/3/19,3789.199945,67467839876,76516699928
3/2/19,3815.093325,68314486585,76520070480
3/1/19,3811.221948,67659553898,76534627558
2/28/19,3804.83424,68136180153,76544606872
2/27/19,3804.919305,66992571068,76572332851
2/26/19,3801.603533,67463636392,76590696886
2/25/19,3823.794339,66520173128,76601286647
2/24/19,3748.741803,73204638418,76644803697
2/23/19,4120.282112,70118936494,76698007573
2/22/19,3952.165831,69024689138,76721996455
2/21/19,3912.548284,70342886598,76714731022
2/20/19,3949.994303,69129762732,76761111276
2/19/19,3895.165035,68683697508,76689645711
2/18/19,3886.946964,65169504432,76717282440
2/17/19,3642.188772,64073654360,76713844484
2/16/19,3591.905371,62670448796,76731623831
2/15/19,3575.405831,63052975726,76787346599
2/14/19,3568.383705,62833747876,76815885614
2/13/19,3583.572382,63695070858,76832211012
2/12/19,3601.372574,63482142222,76997326555
2/11/19,3596.956381,64857964697,77039524207
2/10/19,3661.076238,64206108331,77067724659
2/9/19,3631.558497,64119305530,77067636793
2/8/19,3640.628707,59125238316,77066772570
2/7/19,3364.819744,59689582483,77071331152
2/6/19,3376.980404,60737299255,77126451928
2/5/19,3435.617248,60572558822,77201492507
2/4/19,3417.278914,60778791886,77232112153
2/3/19,3423.307541,61527534384,77302162952
2/2/19,3483.933086,60946883158,77323926759
2/1/19,3444.344022,60455633075,77341042686
1/31/19,3421.380642,60830411548,77382408468
1/30/19,3448.244245,60414946830,77427876959
1/29/19,3403.218258,60456222881,77509362804
1/28/19,3440.105323,62620420479,77572597612
1/27/19,3542.303497,63278029432,77680637318
1/26/19,3566.012392,62934329199,77709732813
1/25/19,3566.822591,62640632654,77742785221
1/24/19,3580.494081,62702429831,77789674748
1/23/19,3563.354239,63213333828,77808824375
1/22/19,3586.529081,62062629001,77846741806
1/21/19,3539.517862,62464173752,78001068156
1/20/19,3547.955821,64765796814,78029577597
1/19/19,3693.83036,63468642236,78061881524
1/18/19,3613.843223,64331075474,78086824081
1/17/19,3644.42924,63427158782,78120040383
1/16/19,3614.799847,63124909866,78161320923
1/15/19,3585.846799,64221540741,78179369757
1/14/19,3670.748733,61955279572,78129048337
1/13/19,3518.846308,64425473514,78146472668
1/12/19,3628.350605,63823136974,78188216817
1/11/19,3640.989531,63813692175,78218439361
1/10/19,3637.421697,70699990300,78290426949
1/9/19,4012.140729,70332911517,79019985305
1/8/19,4001.413809,71315969850,79016171756
1/7/19,4012.698618,72050012031,79050037992
1/6/19,4060.451997,68019291524,79097796325
1/5/19,3816.952332,67949173364,79115437458
1/4/19,3837.914088,67246545511,79127034072
1/3/19,3811.226157,69604938286,79150349338
1/2/19,3911.917624,68285348112,79225003379
1/1/19,3840.394308,65179465850,79227580206
12/31/18,3711.668623,68089016317,79250723414
12/30/18,3854.326043,66925326836,79343039041
12/29/18,3753.676807,68781624602,79398312541
12/28/18,3908.003584,64079741649,79438817882
12/27/18,3606.964059,67670292488,79638277664
12/26/18,3825.31253,67741105881,79735447774
12/25/18,3802.66525,70620424108,79764891236
12/24/18,4045.847792,70402970862,79837458412
12/23/18,3963.870829,71100315469,79867755426
12/22/18,4000.281237,67831853753,79910912494
12/21/18,3859.902801,72641375229,79906611769
12/20/18,4102.827518,65549877436,80028890706
12/19/18,3702.012511,64954934679,79998705375
12/18/18,3680.581419,61895973948,80082011944
12/17/18,3514.204413,56476130928,80271743510
12/16/18,3216.424544,56135920723,80307927822
12/15/18,3197.680679,56299298938,80378288352
12/14/18,3206.824904,57363497875,80452516413
12/13/18,3274.672377,60783775930,80627461757
12/12/18,3448.199382,59094181082,80746362909
12/11/18,3363.683378,60269411406,80846610904
12/10/18,3424.629303,62625978455,81219184717
12/9/18,3543.259621,60477558175,81369886802
12/8/18,3418.203376,59271951107,81394588195
12/7/18,3397.268153,60990211990,81455153419
12/6/18,3455.880009,64745317961,81698533405
12/5/18,3705.569034,68579211349,82292286110
12/4/18,3917.101187,67367427465,83314751610
12/3/18,3845.081456,72117364835,82841014115
12/2/18,4103.959463,72912600011,82592815626
12/1/18,4152.855415,69791405981,82644231979
11/30/18,3988.057532,73965003399,82567630995
11/29/18,4257.842466,73638326128,82752349706
11/28/18,4232.601497,66497304670,82688405985
11/27/18,3784.270576,65372602781,82740287052
11/26/18,3749.513725,69645822553,82987388013
11/25/18,3960.906771,66227349788,83259922571
11/24/18,3813.180414,74832169332,83462955013
11/23/18,4308.149499,74521171788,83653618060
11/22/18,4284.483604,79364516869,83792172772
11/21/18,4559.1937,76766295209,83966523343
11/20/18,4401.21443,84396826694,84097169335
11/19/18,4766.071951,97057202646,84787782485
11/18/18,5581.050893,96059079010,85132987300
11/17/18,5523.992412,96686033635,85146687928
11/16/18,5532.327281,97318543354,85178742958
11/15/18,5607.475567,98512649876,85299915152
11/14/18,5673.100794,1.09338E+11,85907048534
11/13/18,6285.518333,1.1073E+11,86089890436
11/12/18,6337.563392,1.10882E+11,86124299029
11/11/18,6373.956919,1.10551E+11,86127591408
11/10/18,6356.43695,1.10166E+11,86121714636
11/9/18,6343.602453,1.11625E+11,86118362264
11/8/18,6417.885556,1.13656E+11,86118844432
11/7/18,6523.381515,1.12293E+11,86117447754
11/6/18,6464.376982,1.11688E+11,86096608738
11/5/18,6413.792339,1.11795E+11,86092340291
11/4/18,6434.994781,1.10152E+11,86094383129
11/3/18,6349.70714,1.10675E+11,86083544312
11/2/18,6364.74318,1.10392E+11,86081850561
11/1/18,6357.066733,1.09775E+11,86077348646
10/31/18,6324.472546,1.09542E+11,86115970555
10/30/18,6292.742904,1.09107E+11,86144291088
10/29/18,6277.342398,1.11729E+11,86160425080
10/28/18,6412.589179,1.11704E+11,86192456218
10/27/18,6444.171017,1.12112E+11,86192123905
10/26/18,6418.95269,1.11886E+11,86190872649
10/25/18,6403.689831,1.12332E+11,86270747051
10/24/18,6431.908139,1.12255E+11,86295435515
10/23/18,6413.141318,1.12284E+11,86305323449
10/22/18,6419.707244,1.12635E+11,86326141960
10/21/18,6436.547633,1.12242E+11,86345431188
10/20/18,6419.621114,1.11905E+11,86342674292
10/19/18,6362.600327,1.12478E+11,86765542834
10/18/18,6419.513695,1.13765E+11,86732630824
10/17/18,6470.866289,1.13915E+11,86764555224
10/16/18,6475.664274,1.14499E+11,86796582306
10/15/18,6516.59478,1.08565E+11,86841497027
10/14/18,6201.46241,1.08386E+11,86827335974
10/13/18,6216.820622,1.07961E+11,86854487139
10/12/18,6195.501245,1.07437E+11,86871931430
10/11/18,6164.660037,1.13829E+11,86899397382
10/10/18,6540.508684,1.14638E+11,87304406182
10/9/18,6593.119267,1.14955E+11,87304032777
10/8/18,6616.650965,1.14101E+11,87308052338
10/7/18,6575.319197,1.13808E+11,87292485428
10/6/18,6556.555258,1.14448E+11,87286959510
10/5/18,6591.715204,1.13713E+11,87293935929
10/4/18,6553.613896,1.12153E+11,87286715264
10/3/18,6467.791421,1.12715E+11,87290374710
10/2/18,6485.402828,1.13976E+11,87326883522
10/1/18,6578.080416,1.14436E+11,87360471987
9/30/18,6604.396344,1.14027E+11,87410596251
9/29/18,6579.440544,1.14658E+11,87408642052
9/28/18,6627.605808,1.15675E+11,87425091516
9/27/18,6677.144532,1.1172E+11,87410491992
9/26/18,6451.981169,1.11335E+11,87378626388
9/25/18,6436.002934,1.13833E+11,87382904002
9/24/18,6577.549204,1.15932E+11,87486699015
9/23/18,6696.302525,1.1611E+11,87500037177
9/22/18,6713.33321,1.16812E+11,87487461237
9/21/18,6754.211044,1.12226E+11,87489273080
9/20/18,6488.120378,1.10449E+11,87584053181
9/19/18,6387.992885,1.09465E+11,87597949091
9/18/18,6315.903481,1.08029E+11,87606647394
9/17/18,6245.897843,1.12293E+11,87619239308
9/16/18,6493.548776,1.12565E+11,87660564342
9/15/18,6512.871574,1.11932E+11,87659326008
9/14/18,6473.721244,1.12056E+11,87657373258
9/13/18,6479.608601,1.09342E+11,87656746770
9/12/18,6330.321374,1.08528E+11,87755028506
9/11/18,6279.717625,1.08936E+11,87794148068
9/10/18,6299.414517,1.07725E+11,87873498997
9/9/18,6252.613743,1.06783E+11,87909193575
9/8/18,6174.030058,1.10441E+11,87938524394
9/7/18,6385.322676,1.1228E+11,87984507312
9/6/18,6504.80939,1.15527E+11,88045044530
9/5/18,6685.504975,1.26975E+11,88145083085
9/4/18,7346.791612,1.25333E+11,88246851077
9/3/18,7255.975841,1.2592E+11,88200073904
9/2/18,7294.621059,1.24123E+11,88183124971
9/1/18,7194.358142,1.20984E+11,88143829887
8/31/18,7011.827384,1.20475E+11,88099633338
8/30/18,6972.531256,1.21329E+11,88087190264
8/29/18,7026.761509,1.22038E+11,88070563117
8/28/18,7073.315868,1.19136E+11,87962163819
8/27/18,6903.876571,1.15632E+11,87858092749
8/26/18,6687.887219,1.16071E+11,87779991322
8/25/18,6731.014062,1.15357E+11,87733119329
8/24/18,6673.607992,1.12484E+11,87664004661
8/23/18,6520.569509,1.09621E+11,87627673490
8/22/18,6356.013615,1.11643E+11,87596807572
8/21/18,6475.010421,1.07803E+11,87597380053
8/20/18,6254.832592,1.11715E+11,87575987326
8/19/18,6481.185379,1.10127E+11,87608733705
8/18/18,6399.146178,1.13411E+11,87570184225
8/17/18,6580.266691,1.0875E+11,87588939941
8/16/18,6311.378236,1.07978E+11,87539159750
8/15/18,6271.331546,1.06603E+11,87547233070
8/14/18,6192.370162,1.07641E+11,87631577377
8/13/18,6249.169358,1.0868E+11,87761470242
8/12/18,6308.708335,1.07301E+11,87784309956
8/11/18,6239.29803,1.05755E+11,87805472157
8/10/18,6142.762821,1.12512E+11,87848274630
8/9/18,6530.244086,1.08073E+11,87943428833
8/8/18,6279.181781,1.15577E+11,88020049712
8/7/18,6709.275927,1.19356E+11,88160769311
8/6/18,6926.952828,1.20861E+11,88236864037
8/5/18,7026.361041,1.2058E+11,88310138725
8/4/18,7006.306355,1.27553E+11,88320366537
8/3/18,7406.769984,1.29549E+11,88404315033
8/2/18,7521.238309,1.30733E+11,88455103469
8/1/18,7594.958458,1.32874E+11,88475673905
7/31/18,7722.164875,1.40474E+11,88490167565
7/30/18,8161.499853,1.41239E+11,88505738374
7/29/18,8192.024525,1.41485E+11,88465781419
7/28/18,8229.540422,1.40619E+11,88372343616
7/27/18,8154.842249,1.36304E+11,88318356501
7/26/18,7922.838731,1.40359E+11,88227514059
7/25/18,8151.603427,1.44353E+11,88231414958
7/24/18,8392.926481,1.32549E+11,88137409148
7/23/18,7713.091632,1.27044E+11,87944270208
7/22/18,7389.766523,1.27107E+11,87845265708
7/21/18,7399.451253,1.25836E+11,87813103214
7/20/18,7325.62855,1.28275E+11,87767674050
7/19/18,7469.89072,1.26682E+11,87745663033
7/18/18,7373.711269,1.25579E+11,87673496386
7/17/18,7314.950971,1.15437E+11,87629108781
7/16/18,6725.842456,1.08926E+11,87488409414
7/15/18,6346.700582,1.07218E+11,87457223125
7/14/18,6246.51901,1.06653E+11,87448677911
7/13/18,6216.173145,1.07163E+11,87468928771
7/12/18,6243.756835,1.09424E+11,87554015387
7/11/18,6378.299352,1.08095E+11,87653348637
7/10/18,6298.47501,1.14305E+11,87711917205
7/9/18,6659.425927,1.14984E+11,87798583313
7/8/18,6701.167783,1.15863E+11,87811069816
7/7/18,6750.234463,1.13178E+11,87888016758
7/6/18,6599.841502,1.1197E+11,87877231207
7/5/18,6526.78008,1.12885E+11,87939568823
7/4/18,6584.309038,1.11502E+11,87961482995
7/3/18,6506.556367,1.13335E+11,87939160366
7/2/18,6613.141423,1.08767E+11,87993134445
7/1/18,6350.117195,1.09455E+11,87959605085
6/30/18,6385.492545,1.06281E+11,88152136145
6/29/18,6193.681451,1.00207E+11,88152957725
6/28/18,5848.663158,1.05052E+11,88159471221
6/27/18,6135.491618,1.04002E+11,88315502185
6/26/18,6070.845945,1.07007E+11,89048198902
6/25/18,6248.476258,1.05291E+11,89120017811
6/24/18,6148.179339,1.05472E+11,89170009939
6/23/18,6158.964623,1.03546E+11,89242789148
6/22/18,6049.584729,1.14959E+11,89288292905
6/21/18,6717.466309,1.15674E+11,89493325671
6/20/18,6756.683501,1.15231E+11,89462192556
6/19/18,6735.152238,1.14798E+11,89495697653
6/18/18,6705.552485,1.10274E+11,89527045945
6/17/18,6447.045696,1.11001E+11,89551894479
6/16/18,6485.210311,1.09255E+11,89591428083
6/15/18,6389.687402,1.13502E+11,89605143511
6/14/18,6639.612464,1.07696E+11,89710169060
6/13/18,6297.914371,1.11936E+11,89754268971
6/12/18,6537.15062,1.17577E+11,90054863441
6/11/18,6875.674728,1.15662E+11,90206339223
6/10/18,6765.87185,1.2816E+11,90349348186
6/9/18,7483.888943,1.30154E+11,90581266043
6/8/18,7605.099771,1.31266E+11,90608957747
6/7/18,7683.891474,1.30801E+11,90649008173
6/6/18,7644.532371,1.30184E+11,90659206351
6/5/18,7618.402049,1.27964E+11,90658655065
6/4/18,7482.203959,1.31768E+11,90694633629
6/3/18,7713.338271,1.30431E+11,90739154243
6/2/18,7638.394228,1.28374E+11,90710509572
6/1/18,7512.802664,1.27844E+11,90695805097
5/31/18,7483.144817,1.25944E+11,90724461309
5/30/18,7374.396338,1.27236E+11,90756806787
5/29/18,7457.842581,1.21174E+11,90784613203
5/28/18,7098.58065,1.25329E+11,90808171877
5/27/18,7335.832211,1.25127E+11,90945767068
5/26/18,7329.63886,1.27294E+11,90975429547
5/25/18,7461.17616,1.29229E+11,91008753603
5/24/18,7575.868192,1.27988E+11,91086577659
5/23/18,7501.845672,1.36171E+11,91071361959
5/22/18,7977.586407,1.43191E+11,91184978841
5/21/18,8384.277152,1.45311E+11,91259771262
5/20/18,8525.084544,1.40338E+11,91223240176
5/19/18,8232.414727,1.40486E+11,91181571933
5/18/18,8230.586587,1.37345E+11,91147837748
5/17/18,8057.691353,1.42168E+11,91191525466
5/16/18,8342.102261,1.44431E+11,90876161905
5/15/18,8467.583543,1.4779E+11,90971074317
5/14/18,8668.132713,1.48051E+11,90970607880
5/13/18,8683.238306,1.44415E+11,90486064499
5/12/18,8470.571314,1.4327E+11,90466426349
5/11/18,8404.841801,1.53541E+11,90459855275
5/10/18,9012.610434,1.58581E+11,90576944024
5/9/18,9313.466445,1.56367E+11,90549552871
5/8/18,9181.602847,1.59441E+11,90444576990
5/7/18,9360.246492,1.64118E+11,90444430101
5/6/18,9616.19458,1.67343E+11,90431654246
5/5/18,9820.219364,1.65033E+11,90404781143
5/4/18,9694.847745,1.65866E+11,90326027546
5/3/18,9732.999714,1.56989E+11,90206850325
5/2/18,9229.177785,1.54334E+11,90057239546
5/1/18,9075.345892,1.57268E+11,89863316228
4/30/18,9245.453779,1.5991E+11,89826167959
4/29/18,9411.375704,1.58957E+11,89751063965
4/28/18,9348.121758,1.51736E+11,89698959767
4/27/18,8925.94722,1.57711E+11,89614150673
4/26/18,9273.829242,1.50743E+11,89641323605
4/25/18,8869.592226,1.64078E+11,89361513587
4/24/18,9646.244762,1.52023E+11,89392359527
4/23/18,8949.655794,1.49456E+11,89105927713
4/22/18,8807.876979,1.51585E+11,88974361247
4/21/18,8919.356299,1.50694E+11,88916309125
4/20/18,8870.554373,1.40606E+11,88794441845
4/19/18,8276.953514,1.38833E+11,88605571671
4/18/18,8167.293585,1.34072E+11,88311210543
4/17/18,7887.6504,1.3684E+11,88253945562
4/16/18,8056.633494,1.41976E+11,88288487120
4/15/18,8354.775021,1.35973E+11,88307101538
4/14/18,8002.766526,1.33973E+11,88245336589
4/13/18,7881.466288,1.34423E+11,88229218125
4/12/18,7915.506851,1.17871E+11,88143313819
4/11/18,6946.605295,1.15988E+11,88013645105
4/10/18,6835.937309,1.15008E+11,88012603669
4/9/18,6769.453577,1.19218E+11,88112508010
4/8/18,7013.67038,1.16993E+11,88256345993
4/7/18,6897.637344,1.12254E+11,88268917231
4/6/18,6610.311743,1.14913E+11,88314208481
4/5/18,6768.486969,1.15185E+11,88481243282
4/4/18,6791.456543,1.25736E+11,88589841748
4/3/18,7409.932441,1.19625E+11,88767186540
4/2/18,7053.948973,1.15613E+11,88809485998
4/1/18,6815.33456,1.17441E+11,88866842672
3/31/18,6919.232968,1.15934E+11,88974435420
3/30/18,6828.216991,1.20188E+11,89021836115
3/29/18,7095.258999,1.34546E+11,89299778986
3/28/18,7941.69961,1.32063E+11,89625798986
3/27/18,7793.287291,1.37979E+11,89738457496
3/26/18,8143.47749,1.43208E+11,89856978405
3/25/18,8458.974515,1.44539E+11,90045424694
3/24/18,8537.209105,1.51125E+11,90149576254
3/23/18,8913.735421,1.4748E+11,90126693435
3/22/18,8714.821925,1.50598E+11,90130107453
3/21/18,8894.790342,1.50834E+11,90201088791
3/20/18,8909.629927,1.45633E+11,90191025144
3/19/18,8602.762551,1.3886E+11,90178102428
3/18/18,8183.190401,1.32895E+11,90172656982
3/17/18,7851.23262,1.39799E+11,90196442835
3/16/18,8260.213569,1.39774E+11,90319132122
3/15/18,8252.63704,1.38631E+11,90413592032
3/14/18,8180.018853,1.54772E+11,90514610094
3/13/18,9145.812706,1.54477E+11,90786216290
3/12/18,9125.621639,1.6135E+11,90847724163
3/11/18,9533.732218,1.4859E+11,90930004083
3/10/18,8781.893804,1.56196E+11,90811391663
3/9/18,9235.449074,1.57369E+11,90967208539
3/8/18,9294.538788,1.67643E+11,91465602028
3/7/18,9915.891196,1.81219E+11,91627462429
3/6/18,10719.85431,1.9285E+11,91744330634
3/5/18,11437.24111,1.94348E+11,91816178804
3/4/18,11500.29757,1.93563E+11,91500632538
3/3/18,11445.7151,1.864E+11,91304411031
3/2/18,11022.62321,1.84509E+11,91174068724
3/1/18,10910.96854,1.74342E+11,91017710010
2/28/18,10319.60703,1.7872E+11,90787808338
2/27/18,10576.47991,1.74383E+11,90673519479
2/26/18,10318.38194,1.62063E+11,90514379105
2/25/18,9586.990392,1.63494E+11,90387966293
2/24/18,9688.772728,1.7136E+11,90393792237
2/23/18,10147.88089,1.66091E+11,90470291995
2/22/18,9832.889729,1.76579E+11,90327013969
2/21/18,10458.13029,1.89543E+11,89236281122
2/20/18,11224.11396,1.88546E+11,89197257519
2/19/18,11172.53796,1.75687E+11,88883782328
2/18/18,10416.27024,1.87151E+11,88573560216
2/17/18,11093.28163,1.71718E+11,88485757539
2/16/18,10181.35084,1.69003E+11,88259457006
2/15/18,10025.4965,1.59786E+11,88106889604
2/14/18,9470.036772,1.4372E+11,87751185602
2/13/18,8527.66899,1.50089E+11,87518137165
2/12/18,8896.085515,1.36227E+11,87645668285
2/11/18,8070.912826,1.44404E+11,87518177381
2/10/18,8554.148646,1.46418E+11,87606482398
2/9/18,8684.27867,1.39006E+11,87615495895
2/8/18,8244.598941,1.27897E+11,87619728875
2/7/18,7586.621006,1.29743E+11,87715910430
2/6/18,7694.474081,1.16656E+11,88047022803
2/5/18,6884.774582,1.38027E+11,88206669344
2/4/18,8164.310183,1.55468E+11,88989123066
2/3/18,9202.169507,1.49364E+11,88974760793
2/2/18,8839.70884,1.53108E+11,89058462172
2/1/18,9072.385975,1.71695E+11,89708169456
1/31/18,10171.35659,1.69355E+11,90108848142
1/30/18,10058.1271,1.8835E+11,90190984574
1/29/18,11174.17268,1.96579E+11,90730287717
1/28/18,11683.69723,1.92396E+11,90767348336
1/27/18,11422.21864,1.86756E+11,90350534669
1/26/18,11082.76905,1.87869E+11,90241336636
1/25/18,11159.99785,1.91931E+11,90040462788
1/24/18,11397.84775,1.82793E+11,90042931935
1/23/18,10830.97887,1.8196E+11,90010051474
1/22/18,10812.08188,1.94128E+11,90179512464
1/21/18,11557.43234,2.14835E+11,90350093848
1/20/18,12814.65535,1.94589E+11,90562813406
1/19/18,11566.11395,1.88527E+11,90306880393
1/18/18,11198.86334,1.87448E+11,90306893903
1/17/18,11157.96518,1.90159E+11,90455041772
1/16/18,11304.92326,2.29033E+11,90589067574
1/15/18,13621.01442,2.29655E+11,91070016465
1/14/18,13614.67891,2.39599E+11,91004912381
1/13/18,14258.65386,2.33341E+11,90868820060
1/12/18,13843.29284,2.24227E+11,90573646445
1/11/18,13334.86053,2.51362E+11,90260087885
1/10/18,14929.54155,2.44591E+11,90132198891
1/9/18,14521.28451,2.52111E+11,89754021494
1/8/18,15004.6254,2.74067E+11,89525228754
1/7/18,16247.13935,2.88552E+11,89557927689
1/6/18,17161.25163,2.85852E+11,88424557641
1/5/18,17002.02645,2.55947E+11,87458707328
1/4/18,15234.30888,2.54318E+11,85909025021
1/3/18,15155.52636,2.4855E+11,85086698666
1/2/18,14810.38057,2.2677E+11,84621433104
1/1/18,13476.73008,2.34021E+11,83841120873
12/31/17,13930.57539,2.11275E+11,83782591210
12/30/17,12591.51413,2.42424E+11,83453010472
12/29/17,14478.41718,2.42496E+11,83098425836
12/28/17,14458.03093,2.59511E+11,82620448456
12/27/17,15469.55191,2.64374E+11,82403672894
12/26/17,15785.00062,2.33721E+11,81429828761
12/25/17,13870.17719,2.3315E+11,80572449790
12/24/17,13912.08678,2.44591E+11,80372294839
12/23/17,14483.41954,2.31714E+11,80104986756
12/22/17,13793.0334,2.61392E+11,79639863724
12/21/17,15614.55674,2.76626E+11,79343081021
12/20/17,16499.85839,2.95669E+11,78935560569
12/19/17,17626.01649,3.17856E+11,77711922773
12/18/17,18966.99816,3.18842E+11,76988404922
12/17/17,19067.9617,3.24998E+11,75827043368
12/16/17,19385.69154,2.95167E+11,74230678338
12/15/17,17621.86527,2.76073E+11,72670097773
12/14/17,16486.55229,2.72862E+11,71281419388
12/13/17,16293.1822,2.86989E+11,70241410776
12/12/17,17089.45777,2.80897E+11,68830784756
12/11/17,16743.14896,2.53373E+11,66347463429
12/10/17,15025.6959,2.5255E+11,64599823563
12/9/17,15009.2573,2.69871E+11,63512148886
12/8/17,16152.80465,2.88718E+11,62724085010
12/7/17,17492.21722,2.29407E+11,60401987169
12/6/17,13719.13555,1.94722E+11,55573162989
12/5/17,11656.2033,1.94213E+11,53726464160
12/4/17,11617.24523,1.87585E+11,52911224642
12/3/17,11224.35941,1.82041E+11,52076908772
12/2/17,10893.0108,1.81622E+11,51557629528
12/1/17,10868.58292,1.66461E+11,50848750926
11/30/17,9951.16099,1.64154E+11,50024398907
11/29/17,9807.084706,1.65455E+11,49379974330
11/28/17,9901.062465,1.62609E+11,48463021894
11/27/17,9724.349004,1.55335E+11,47365983170
11/26/17,9293.867509,1.46147E+11,46489190755
11/25/17,8743.975307,1.36737E+11,45749792520
11/24/17,8182.951143,1.33625E+11,45084160613
11/23/17,7995.583885,1.37587E+11,44546617390
11/22/17,8229.965522,1.35185E+11,44234258187
11/21/17,8082.908769,1.37595E+11,43902594029
11/20/17,8232.329401,1.34144E+11,43353016374
11/19/17,8032.344308,1.29795E+11,42799981177
11/18/17,7770.706389,1.28214E+11,42411671708
11/17/17,7683.86853,1.3084E+11,42069186612
11/16/17,7835.118064,1.2143E+11,41416233230
11/15/17,7276.745983,1.102E+11,40678401685
11/14/17,6605.322198,1.08624E+11,40120645950
11/13/17,6513.880014,97353588265,39877707892
11/12/17,5844.58325,1.05489E+11,39360420177
11/11/17,6321.929562,1.09289E+11,38691116796
11/10/17,6553.485767,1.18954E+11,38479623258
11/9/17,7134.029029,1.24226E+11,38254471526
11/8/17,7450.623245,1.18649E+11,37898127691
11/7/17,7111.114407,1.16046E+11,37541282332
11/6/17,6962.872245,1.22963E+11,37215234719
11/5/17,7379.01655,1.23065E+11,37006203518
11/4/17,7379.004584,1.19215E+11,36642638909
11/3/17,7148.779988,1.17189E+11,36350664997
11/2/17,7028.69695,1.12394E+11,35911938508
11/1/17,6749.401855,1.07384E+11,35326641511
10/31/17,6445.793635,1.01826E+11,34873281543
10/30/17,6127.426814,1.0237E+11,34590400850
10/29/17,6144.266467,95407371762,34358491556
10/28/17,5730.31149,96011465945,34137771792
10/27/17,5767.756932,98097983298,34048449987
10/26/17,5890.120604,95371500030,33908906231
10/25/17,5734.17077,91871484323,33720776510
10/24/17,5516.320903,98483398863,33518492292
10/23/17,5905.028809,99609477445,33336962813
10/22/17,5983.366009,1.00091E+11,32734134249
10/21/17,6011.491942,99594730157,32408582087
10/20/17,5986.716296,94809807078,32223741219
10/19/17,5697.145362,92690134598,31981670690
10/18/17,5575.494977,93135320396,31677951785
10/17/17,5599.770652,95724067841,31511371295
10/16/17,5749.403065,94812922202,31297278543
10/15/17,5700.936323,96765997719,31007919534
10/14/17,5818.697129,93744411622,30810017287
10/13/17,5635.250094,90440050364,30590485427
10/12/17,5435.651676,80079376124,30146294020
10/11/17,4819.416821,79200605426,29829554912
10/10/17,4761.455658,79378571859,29708154727
10/9/17,4773.167744,76547856415,29508880830
10/8/17,4604.119865,73625732886,29223796182
10/7/17,4427.598783,72532802767,29073592611
10/6/17,4369.856616,71704201706,28990008231
10/5/17,4312.546418,70002032501,28888732683
10/4/17,4214.449797,71607055342,28687821953
10/3/17,4310.027428,72934751276,28629227504
10/2/17,4393.075478,72868308126,28542671385
10/1/17,4393.14748,72308758016,28390529742
9/30/17,4353.732122,69068783118,28299664415
9/29/17,4164.244866,69494119330,28148925425
9/28/17,4188.279018,69757773865,28075324545
9/27/17,4204.812711,64447810605,27958927903
9/26/17,3883.544927,65105771792,27809137344
9/25/17,3925.658975,60752168130,27743823403
9/24/17,3658.570619,62748754689,27439826341
9/23/17,3782.574596,59765490762,27431482900
9/22/17,3607.990935,59833987808,27381750992
9/21/17,3605.076662,64205308880,27346457599
9/20/17,3870.115725,64697085105,27369596110
9/19/17,3900.174138,67900314704,27329306396
9/18/17,4094.146069,60873220921,27279497827
9/17/17,3680.282468,61239171268,27161639481
9/16/17,3690.87732,61529831030,27140277931
9/15/17,3712.576733,53663603321,27080998196
9/14/17,3237.625677,63921355597,26963493356
9/13/17,3859.83666,68914817018,27190312155
9/12/17,4157.706226,69716590572,27248866987
9/11/17,4213.759911,70182766442,27200308322
9/10/17,4246.066835,71594629188,27152366406
9/9/17,4325.926873,71719461556,27030571266
9/8/17,4328.007544,76814540675,26978942968
9/7/17,4627.734907,76194162280,26957151117
9/6/17,4609.829497,73067845682,26641401518
9/5/17,4407.913401,71191462348,26440218638
9/4/17,4308.141802,76470156326,26303473247
9/3/17,4622.309814,75938285252,26160376454
9/2/17,4592.42732,81422445694,26029058323
9/1/17,4920.33463,78243324183,25883011205
8/31/17,4734.528492,75691617433,25559888308
8/30/17,4576.264011,75906120264,25222057918
8/29/17,4591.273628,72483203669,25028005550
8/28/17,4382.246358,71675531008,24678217855
8/27/17,4334.482418,71823276322,24500204782
8/26/17,4336.611707,71969687795,24378349664
8/25/17,4357.060549,71395864104,24241114852
8/24/17,4314.632891,68339356971,24084804573
8/23/17,4134.466088,67590983892,23916725187
8/22/17,4089.40153,66052631435,23683887858
8/21/17,3996.326745,67050809266,23483076266
8/20/17,4058.614596,68352821739,23358262881
8/19/17,4139.137473,67716251661,23077702318
8/18/17,4099.117402,70555056674,22803579746
8/17/17,4270.144215,72331278338,22632499094
8/16/17,4382.393054,68662086301,22314820291
8/15/17,4158.039867,71407166759,22044669985
8/14/17,4322.524896,67076312503,21826730306
8/13/17,4061.881673,63868833801,21438661385
8/12/17,3868.538877,60252724672,21151523706
8/11/17,3650.094365,56416792516,20857434230
8/10/17,3418.037901,55198362225,20628726077
8/9/17,3346.885211,56391742610,20429974755
8/8/17,3418.651295,56015040629,20204349195
8/7/17,3391.901072,53259716340,19861913475
8/6/17,3229.273388,53915593965,19417149119
8/5/17,3272.153586,47348261951,19027512047
8/4/17,2850.22,46088804584,18663922574
8/3/17,2792.401001,44505213106,18277681996
8/2/17,2698.104646,45032881010,18051267838
8/1/17,2727.416392,47176574196,17893595432
7/31/17,2863.816876,45320321839,17706920198
7/30/17,2748.590776,44574395304,17199051662
7/29/17,2704.00568,45990990221,16825358678
7/28/17,2784.151118,43943926945,16581296584
7/27/17,2665.625946,41650670291,16207018716
7/26/17,2525.455266,42247509720,16056237091
7/25/17,2561.325962,45523280416,16012397068
7/24/17,2763.160188,45372675192,15879838011
7/23/17,2753.050284,46711040961,15805072304
7/22/17,2836.231958,43904779627,15756527716
7/21/17,2664.636075,47087388949,15656301706
7/20/17,2870.165354,37176749917,15596849070
7/19/17,2258.256138,38000106787,15362059845
7/18/17,2306.963441,36614065846,15330276001
7/17/17,2225.62912,31552701926,15272832006
7/16/17,1914.311995,32424416727,15167450891
7/15/17,1968.814034,36405243568,15211158477
7/14/17,2213.430182,38472325044,15271399076
7/13/17,2337.926064,39155781828,15276314198
7/12/17,2381.709724,37794654482,15250542588
7/11/17,2301.726863,38303450076,15228086546
7/10/17,2327.385122,41073025613,15211503453
7/9/17,2497.603827,41922941639,15239766997
7/8/17,2549.804642,41003440988,15226015179
7/7/17,2495.501134,42733739349,15185582143
7/6/17,2600.884055,42822260539,15126524396
7/5/17,2612.401142,42688823592,15077199345
7/4/17,2595.358847,41918678919,14993496385
7/3/17,2549.377813,41269793151,14934899044
7/2/17,2512.017006,39474402882,14857117015
7/1/17,2395.393977,40206841634,14803768952
6/30/17,2449.051745,41313994125,14786868625
6/29/17,2519.112997,41911295369,14720444532
6/28/17,2553.095089,42081876428,14660520421
6/27/17,2562.075903,39569764037,14588235787
6/26/17,2411.443798,41018683043,14524703330
6/25/17,2492.420728,41809592130,14515499460
6/24/17,2550.616827,44045843655,14502471097
6/23/17,2683.337824,44077366867,14488772774
6/22/17,2685.9744,43384671273,14416101096
6/21/17,2643.446066,44766022038,14311153484
6/20/17,2730.070221,42572065619,14252268662
6/19/17,2588.556967,41124474957,14123032345
6/18/17,2505.722969,43147961237,14005532093
6/17/17,2629.181335,40672299637,13908670415
6/16/17,2480.595563,39556333138,13837060898
6/15/17,2414.512735,40101170725,13747158808
6/14/17,2448.540292,44406910640,13719151421
6/13/17,2702.655087,43445754612,13689118280
6/12/17,2649.391518,48600871085,13531642783
6/11/17,2959.130789,47540388020,13388008892
6/10/17,2881.237238,46101241860,13258693676
6/9/17,2812.023315,45938342743,13094619060
6/8/17,2801.546253,43914469707,12968040761